"siteID","monthyear","sitemonthyear","plotID","latitude","longitude","easting","northing"
"BONA","2017-08","BONA2017-08","BONA_003","65.201069","-147.486275","477241.564","7230951.278"
"BONA","2018-07","BONA2018-07","BONA_019","65.1984","-147.481092","477481.873","7230651.968"
"BONA","2018-07","BONA2018-07","BONA_007","65.193678","-147.444473","479192.127","7230113.172"
"BONA","2018-07","BONA2018-07","BONA_021","65.151634","-147.456573","478591.815","7225431.467"
"CLBJ","2017-05","CLBJ2017-05","CLBJ_036","33.397578","-97.57995","632062.408","3696264.855"
"CLBJ","2017-05","CLBJ2017-05","CLBJ_042","33.371534","-97.597793","630441.76","3693354.515"
"CLBJ","2017-05","CLBJ2017-05","CLBJ_031","33.375278","-97.595151","630681.931","3693772.963"
"CLBJ","2017-05","CLBJ2017-05","CLBJ_051","33.369609","-97.594595","630742.157","3693145.145"
"CLBJ","2017-05","CLBJ2017-05","CLBJ_058","33.374568","-97.578391","632242.239","3693715.404"
"CLBJ","2017-05","CLBJ2017-05","CLBJ_055","33.32094","-97.574434","632691.673","3687774.215"
"CLBJ","2017-05","CLBJ2017-05","CLBJ_034","33.321251","-97.57765","632391.857","3687804.606"
"CLBJ","2017-05","CLBJ2017-05","CLBJ_039","33.329427","-97.583638","631822.133","3688703.552"
"CLBJ","2017-05","CLBJ2017-05","CLBJ_046","33.403571","-97.58341","631731.495","3696924.926"
"CLBJ","2017-05","CLBJ2017-05","CLBJ_040","33.378824","-97.646691","625882.127","3694102.735"
"CLBJ","2017-05","CLBJ2017-05","CLBJ_057","33.372827","-97.64129","626393.231","3693444.288"
"CLBJ","2017-05","CLBJ2017-05","CLBJ_035","33.329927","-97.579437","632212.369","3688764.37"
"CLBJ","2017-05","CLBJ2017-05","CLBJ_032","33.406134","-97.593996","630743.201","3697195.761"
"CLBJ","2017-05","CLBJ2017-05","CLBJ_043","33.409931","-97.595224","630623.323","3697615.275"
"CLBJ","2017-05","CLBJ2017-05","CLBJ_038","33.414259","-97.597098","630442.546","3698092.837"
"CLBJ","2017-05","CLBJ2017-05","CLBJ_041","33.410931","-97.662009","624411.434","3697644.222"
"CLBJ","2017-05","CLBJ2017-05","CLBJ_045","33.403397","-97.568252","633141.462","3696924.986"
"CLBJ","2017-05","CLBJ2017-05","CLBJ_044","33.416293","-97.657079","624862.186","3698244.719"
"CLBJ","2017-05","CLBJ2017-05","CLBJ_049","33.413367","-97.635828","626842.436","3697945.995"
"CLBJ","2017-05","CLBJ2017-05","CLBJ_060","33.377376","-97.635425","626932.226","3693955.84"
"CLBJ","2017-05","CLBJ2017-05","CLBJ_056","33.39147","-97.663273","624321.63","3695484.968"
"CLBJ","2017-05","CLBJ2017-05","CLBJ_059","33.37569","-97.631907","627261.948","3693773.193"
"CLBJ","2018-05","CLBJ2018-05","CLBJ_001","33.397987","-97.568339","633141.62","3696324.985"
"CLBJ","2018-05","CLBJ2018-05","CLBJ_002","33.40398","-97.571138","632872.228","3696985.964"
"CLBJ","2018-05","CLBJ2018-05","CLBJ_051","33.369609","-97.594595","630742.157","3693145.145"
"CLBJ","2018-05","CLBJ2018-05","CLBJ_042","33.371534","-97.597793","630441.76","3693354.515"
"CLBJ","2018-05","CLBJ2018-05","CLBJ_034","33.321251","-97.57765","632391.857","3687804.606"
"CLBJ","2018-05","CLBJ2018-05","CLBJ_033","33.380971","-97.620209","628342.456","3694373.135"
"CLBJ","2018-05","CLBJ2018-05","CLBJ_050","33.379385","-97.622498","628131.9","3694194.459"
"CLBJ","2018-05","CLBJ2018-05","CLBJ_060","33.377376","-97.635425","626932.226","3693955.84"
"CLBJ","2018-05","CLBJ2018-05","CLBJ_059","33.37569","-97.631907","627261.948","3693773.193"
"CLBJ","2018-05","CLBJ2018-05","CLBJ_057","33.372827","-97.64129","626393.231","3693444.288"
"CLBJ","2018-05","CLBJ2018-05","CLBJ_036","33.397578","-97.57995","632062.408","3696264.855"
"CLBJ","2018-05","CLBJ2018-05","CLBJ_003","33.403989","-97.572744","632722.868","3696984.829"
"CLBJ","2018-05","CLBJ2018-05","CLBJ_049","33.413367","-97.635828","626842.436","3697945.995"
"CLBJ","2018-05","CLBJ2018-05","CLBJ_044","33.416293","-97.657079","624862.186","3698244.719"
"CLBJ","2019-04","CLBJ2019-04","CLBJ_036","33.397578","-97.57995","632062.408","3696264.855"
"HARV","2017-07","HARV2017-07","HARV_026","42.410762","-72.247271","726510.439","4699055.568"
"HARV","2017-07","HARV2017-07","HARV_018","42.432275","-72.232028","727686.891","4701485.414"
"HARV","2017-07","HARV2017-07","HARV_030","42.423045","-72.218966","728795.047","4700495.504"
"HARV","2017-07","HARV2017-07","HARV_020","42.436756","-72.228878","727929.776","4701991.474"
"HARV","2017-07","HARV2017-07","HARV_002","42.478565","-72.259572","725254.921","4706552.291"
"HARV","2017-07","HARV2017-07","HARV_017","42.481741","-72.26708","724626.424","4706885.042"
"HARV","2017-07","HARV2017-07","HARV_022","42.434188","-72.198776","730415.353","4701787.542"
"HARV","2017-07","HARV2017-07","HARV_005","42.489469","-72.275158","723934.837","4707721.902"
"HARV","2017-07","HARV2017-07","HARV_027","42.43035","-72.253258","725947.363","4701214.858"
"HARV","2018-07","HARV2018-07","HARV_024","42.459993","-72.25087","726037.158","4704513.024"
"HARV","2018-07","HARV2018-07","HARV_006","42.403087","-72.25372","726007.307","4698186.136"
"HARV","2018-07","HARV2018-07","HARV_013","42.392282","-72.254598","725973.872","4696983.872"
"HARV","2018-07","HARV2018-07","HARV_016","42.45847","-72.231992","727594.914","4704394.4"
"HARV","2018-07","HARV2018-07","HARV_011","42.455924","-72.238278","727087.305","4704094.844"
"HARV","2018-07","HARV2018-07","HARV_021","42.45243","-72.250472","726097.062","4703674.283"
"HARV","2018-07","HARV2018-07","HARV_023","42.414314","-72.226622","728196.771","4699505.331"
"HARV","2018-07","HARV2018-07","HARV_033","42.538302","-72.175607","731935.953","4713412.669"
"HARV","2018-07","HARV2018-07","HARV_015","42.538822","-72.182055","731404.519","4713452.726"
"HARV","2018-07","HARV2018-07","HARV_035","42.539966","-72.178072","731727.362","4713590.729"
"HARV","2018-07","HARV2018-07","HARV_030","42.423045","-72.218966","728795.047","4700495.504"
"HARV","2018-07","HARV2018-07","HARV_018","42.432275","-72.232028","727686.891","4701485.414"
"HARV","2018-07","HARV2018-07","HARV_063","42.444983","-72.22125","728527.36","4702925.544"
"HARV","2018-07","HARV2018-07","HARV_008","42.444557","-72.226082","728131.486","4702865.242"
"HARV","2018-07","HARV2018-07","HARV_034","42.535686","-72.177968","731751.748","4713115.656"
"HARV","2018-07","HARV2018-07","HARV_027","42.43035","-72.253258","725947.363","4701214.858"
"HARV","2018-07","HARV2018-07","HARV_012","42.429486","-72.239802","727057.44","4701154.786"
"HARV","2018-07","HARV2018-07","HARV_017","42.481741","-72.26708","724626.424","4706885.042"
"HARV","2018-07","HARV2018-07","HARV_059","42.480806","-72.275442","723942.441","4706759.14"
"HARV","2018-07","HARV2018-07","HARV_005","42.489469","-72.275158","723934.837","4707721.902"
"HARV","2018-07","HARV2018-07","HARV_022","42.434188","-72.198776","730415.353","4701787.542"
"HARV","2019-07","HARV2019-07","HARV_059","42.480806","-72.275442","723942.441","4706759.14"
"HARV","2019-07","HARV2019-07","HARV_063","42.444983","-72.22125","728527.36","4702925.544"
"HARV","2019-07","HARV2019-07","HARV_012","42.429486","-72.239802","727057.44","4701154.786"
"HARV","2019-07","HARV2019-07","HARV_022","42.434188","-72.198776","730415.353","4701787.542"
"HARV","2019-07","HARV2019-07","HARV_005","42.489469","-72.275158","723934.837","4707721.902"
"HARV","2019-07","HARV2019-07","HARV_021","42.45243","-72.250472","726097.062","4703674.283"
"HARV","2019-07","HARV2019-07","HARV_033","42.538302","-72.175607","731935.953","4713412.669"
"HARV","2019-07","HARV2019-07","HARV_015","42.538822","-72.182055","731404.519","4713452.726"
"KONZ","2016-07","KONZ2016-07","KONZ_014","39.1095","-96.561283","710860.084","4331759.743"
"KONZ","2016-07","KONZ2016-07","KONZ_005","39.082563","-96.566705","710471.292","4328757.276"
"KONZ","2016-07","KONZ2016-07","KONZ_042","39.09957","-96.564404","710619.732","4330650.238"
"KONZ","2016-07","KONZ2016-07","KONZ_043","39.102192","-96.561182","710890.61","4330948.808"
"KONZ","2016-07","KONZ2016-07","KONZ_045","39.103828","-96.561811","710831.295","4331128.869"
"KONZ","2016-07","KONZ2016-07","KONZ_013","39.088084","-96.558522","711162.75","4329389.122"
"KONZ","2016-07","KONZ2016-07","KONZ_002","39.119993","-96.546016","712148.785","4332959.91"
"KONZ","2016-07","KONZ2016-07","KONZ_022","39.098105","-96.546418","712179.684","4330529.536"
"KONZ","2016-07","KONZ2016-07","KONZ_028","39.104397","-96.576047","709598.494","4331159.106"
"KONZ","2016-07","KONZ2016-07","KONZ_001","39.075067","-96.555875","711430.561","4327950.463"
"KONZ","2016-07","KONZ2016-07","KONZ_023","39.078425","-96.548483","712059.998","4328340.423"
"KONZ","2017-06","KONZ2017-06","KONZ_003","39.088076","-96.570347","710139.836","4329360.767"
"KONZ","2019-07","KONZ2019-07","KONZ_005","39.082563","-96.566705","710471.292","4328757.276"
"KONZ","2019-07","KONZ2019-07","KONZ_007","39.086977","-96.544717","712360.145","4329298.352"
"KONZ","2019-07","KONZ2019-07","KONZ_002","39.119993","-96.546016","712148.785","4332959.91"
"KONZ","2019-07","KONZ2019-07","KONZ_008","39.108081","-96.545369","712240.489","4331639.316"
"KONZ","2019-07","KONZ2019-07","KONZ_025","39.103999","-96.596164","707859.93","4331068.627"
"KONZ","2019-07","KONZ2019-07","KONZ_011","39.106214","-96.597473","707740.189","4331311.576"
"KONZ","2019-07","KONZ2019-07","KONZ_009","39.107316","-96.585982","708730.704","4331460.168"
"KONZ","2019-07","KONZ2019-07","KONZ_017","39.106074","-96.578723","709362.079","4331339.085"
"KONZ","2019-07","KONZ2019-07","KONZ_045","39.103828","-96.561811","710831.295","4331128.869"
"KONZ","2019-07","KONZ2019-07","KONZ_043","39.102192","-96.561182","710890.61","4330948.808"
"KONZ","2019-07","KONZ2019-07","KONZ_001","39.075067","-96.555875","711430.561","4327950.463"
"KONZ","2019-07","KONZ2019-07","KONZ_023","39.078425","-96.548483","712059.998","4328340.423"
"KONZ","2019-07","KONZ2019-07","KONZ_014","39.1095","-96.561283","710860.084","4331759.743"
"KONZ","2019-07","KONZ2019-07","KONZ_019","39.107534","-96.558221","711130.737","4331548.574"
"NIWO","2018-08","NIWO2018-08","NIWO_014","40.050779","-105.548151","453244.515","4433537.139"
"NIWO","2018-08","NIWO2018-08","NIWO_016","40.048377","-105.542505","453724.471","4433267.545"
"NIWO","2018-08","NIWO2018-08","NIWO_019","40.046996","-105.547411","453305.047","4433116.906"
"NIWO","2018-08","NIWO2018-08","NIWO_009","40.045049","-105.560411","452194.764","4432907.626"
"NIWO","2018-08","NIWO2018-08","NIWO_020","40.0413","-105.554781","452672.482","4432488.515"
"NIWO","2018-08","NIWO2018-08","NIWO_002","40.04106","-105.547043","453332.439","4432457.801"
"NIWO","2018-08","NIWO2018-08","NIWO_007","40.037739","-105.562156","452040.796","4432097.289"
"NIWO","2018-08","NIWO2018-08","NIWO_001","40.042344","-105.558975","452315.392","4432606.622"
"NIWO","2018-08","NIWO2018-08","NIWO_021","40.040801","-105.543482","453636.065","4432427.207"
"NIWO","2018-08","NIWO2018-08","NIWO_005","40.043662","-105.569891","451385.162","4432758.83"
"NIWO","2018-08","NIWO2018-08","NIWO_015","40.04011","-105.57266","451146.351","4432366.174"
"NIWO","2018-08","NIWO2018-08","NIWO_011","40.033987","-105.555402","452614.41","4431677.149"
"NIWO","2018-08","NIWO2018-08","NIWO_012","40.034769","-105.559629","452254.353","4431766.187"
"NIWO","2018-08","NIWO2018-08","NIWO_022","40.038857","-105.557196","452464.759","4432218.686"
"NIWO","2018-08","NIWO2018-08","NIWO_010","40.037194","-105.568794","451474.16","4432040.348"
"NIWO","2019-08","NIWO2019-08","NIWO_042","40.04845","-105.584355","450154.772","4433298.251"
"NIWO","2019-08","NIWO2019-08","NIWO_040","40.046551","-105.584709","450123.158","4433087.643"
"NIWO","2019-08","NIWO2019-08","NIWO_041","40.050349","-105.582965","450274.689","4433508.24"
"NIWO","2019-08","NIWO2019-08","NIWO_020","40.0413","-105.554781","452672.482","4432488.515"
"NIWO","2019-08","NIWO2019-08","NIWO_022","40.038857","-105.557196","452464.759","4432218.686"
"NIWO","2019-08","NIWO2019-08","NIWO_016","40.048377","-105.542505","453724.471","4433267.545"
"NIWO","2019-08","NIWO2019-08","NIWO_019","40.046996","-105.547411","453305.047","4433116.906"
"NIWO","2019-08","NIWO2019-08","NIWO_014","40.050779","-105.548151","453244.515","4433537.139"
"NIWO","2019-08","NIWO2019-08","NIWO_001","40.042344","-105.558975","452315.392","4432606.622"
"NIWO","2019-08","NIWO2019-08","NIWO_030","40.058366","-105.595337","449225.305","4434405.088"
"NIWO","2019-08","NIWO2019-08","NIWO_028","40.057323","-105.593573","449375.04","4434288.29"
"NIWO","2019-08","NIWO2019-08","NIWO_018","40.052498","-105.584022","450186.137","4433747.411"
"NIWO","2020-08","NIWO2020-08","NIWO_009","40.045049","-105.560411","452194.764","4432907.626"
"NIWO","2020-08","NIWO2020-08","NIWO_001","40.042344","-105.558975","452315.392","4432606.622"
"ONAQ","2017-06","ONAQ2017-06","ONAQ_024","40.160102","-112.485308","373508.777","4446584.784"
"ONAQ","2017-06","ONAQ2017-06","ONAQ_015","40.151788","-112.478445","374077.897","4445652.163"
"ONAQ","2017-06","ONAQ2017-06","ONAQ_073","40.1811","-112.512554","371228.062","4448954.65"
"ONAQ","2017-06","ONAQ2017-06","ONAQ_010","40.201042","-112.497129","372578.62","4451146.002"
"ONAQ","2017-06","ONAQ2017-06","ONAQ_008","40.158539","-112.521575","370417.119","4446463.485"
"ONAQ","2017-06","ONAQ2017-06","ONAQ_025","40.145343","-112.538881","368917.84","4445024.211"
"ONAQ","2017-06","ONAQ2017-06","ONAQ_021","40.154245","-112.542595","368618.607","4446017.747"
"ONAQ","2017-06","ONAQ2017-06","ONAQ_028","40.163267","-112.532581","369488.764","4447004.456"
"ONAQ","2017-06","ONAQ2017-06","ONAQ_041","40.17402","-112.452841","376299.053","4448083.918"
"ONAQ","2017-06","ONAQ2017-06","ONAQ_042","40.176672","-112.456784","375968.187","4448383.784"
"ONAQ","2017-06","ONAQ2017-06","ONAQ_029","40.219718","-112.473216","374648.373","4453184.982"
"ONAQ","2017-06","ONAQ2017-06","ONAQ_043","40.173719","-112.456713","375968.814","4448055.863"
"ONAQ","2019-05","ONAQ2019-05","ONAQ_011","40.150746","-112.456227","375968.39","4445505.19"
"ONAQ","2019-05","ONAQ2019-05","ONAQ_015","40.151788","-112.478445","374077.897","4445652.163"
"ONAQ","2019-05","ONAQ2019-05","ONAQ_026","40.16488","-112.448781","376628.234","4447063.684"
"ONAQ","2019-05","ONAQ2019-05","ONAQ_009","40.160803","-112.47125","374707.313","4446642.604"
"ONAQ","2019-05","ONAQ2019-05","ONAQ_024","40.160102","-112.485308","373508.777","4446584.784"
"OSBS","2017-09","OSBS2017-09","OSBS_008","29.685058","-82.007163","402553.625","3284312.244"
"OSBS","2017-09","OSBS2017-09","OSBS_005","29.696568","-82.02558","400782.947","3285603.396"
"OSBS","2017-09","OSBS2017-09","OSBS_017","29.703872","-81.991845","404053.613","3286384.231"
"OSBS","2017-09","OSBS2017-09","OSBS_027","29.691969","-81.992063","404021.238","3285065.449"
"OSBS","2017-09","OSBS2017-09","OSBS_026","29.693584","-81.992056","404023.434","3285244.42"
"OSBS","2017-09","OSBS2017-09","OSBS_029","29.692504","-81.989891","404231.863","3285122.93"
"OSBS","2017-09","OSBS2017-09","OSBS_004","29.684075","-81.959108","407202.452","3284163.768"
"OSBS","2017-09","OSBS2017-09","OSBS_003","29.694993","-81.947419","408343.335","3285364.265"
"OSBS","2017-09","OSBS2017-09","OSBS_006","29.686609","-81.983001","404893.003","3284463.95"
"OSBS","2018-09","OSBS2018-09","OSBS_008","29.685058","-82.007163","402553.625","3284312.244"
"OSBS","2018-09","OSBS2018-09","OSBS_010","29.691764","-81.941828","408881.346","3285002.118"
"OSBS","2018-09","OSBS2018-09","OSBS_014","29.692719","-81.958259","407292.518","3285121.007"
"OSBS","2018-09","OSBS2018-09","OSBS_009","29.698798","-82.017543","401562.68","3285843.578"
"OSBS","2018-09","OSBS2018-09","OSBS_013","29.68216","-81.961566","406962.862","3283953.531"
"OSBS","2018-09","OSBS2018-09","OSBS_011","29.721507","-81.987042","404534.97","3288334.429"
"OSBS","2018-09","OSBS2018-09","OSBS_003","29.694993","-81.947419","408343.335","3285364.265"
"OSBS","2018-09","OSBS2018-09","OSBS_020","29.686849","-81.950765","408012.23","3284464.567"
"SCBI","2016-07","SCBI2016-07","SCBI_043","38.890577","-78.151569","747051.841","4308491.262"
"SCBI","2016-07","SCBI2016-07","SCBI_006","38.897609","-78.152007","746989.481","4309270.55"
"SCBI","2016-07","SCBI2016-07","SCBI_040","38.883962","-78.168759","745583.426","4307710.54"
"SCBI","2016-07","SCBI2016-07","SCBI_038","38.881536","-78.168857","745583.315","4307441.051"
"SCBI","2016-07","SCBI2016-07","SCBI_035","38.882888","-78.168813","745582.498","4307591.188"
"SCBI","2017-07","SCBI2017-07","SCBI_010","38.884776","-78.125148","749364.134","4307919.228"
"SCBI","2017-07","SCBI2017-07","SCBI_022","38.882557","-78.123168","749543.653","4307678.376"
"SCBI","2017-07","SCBI2017-07","SCBI_006","38.897609","-78.152007","746989.481","4309270.55"
"SCBI","2017-07","SCBI2017-07","SCBI_038","38.881536","-78.168857","745583.315","4307441.051"
"SCBI","2017-07","SCBI2017-07","SCBI_035","38.882888","-78.168813","745582.498","4307591.188"
"SCBI","2019-06","SCBI2019-06","SCBI_004","38.896938","-78.146458","747473.093","4309211.157"
"SCBI","2019-06","SCBI2019-06","SCBI_002","38.895214","-78.142704","747804.738","4309030.017"
"SCBI","2019-06","SCBI2019-06","SCBI_008","38.887763","-78.147164","747443.714","4308190.84"
"SCBI","2019-06","SCBI2019-06","SCBI_005","38.900538","-78.16186","746124.692","4309569.076"
"SCBI","2019-06","SCBI2019-06","SCBI_011","38.879734","-78.139901","748101.758","4307319.346"
"SCBI","2019-06","SCBI2019-06","SCBI_047","38.894257","-78.137217","748283.983","4308938.736"
"SCBI","2019-06","SCBI2019-06","SCBI_067","38.893949","-78.135536","748430.953","4308909.054"
"SCBI","2019-06","SCBI2019-06","SCBI_010","38.884776","-78.125148","749364.134","4307919.228"
"SCBI","2019-06","SCBI2019-06","SCBI_019","38.900642","-78.175704","744923.566","4309543.295"
"SCBI","2019-06","SCBI2019-06","SCBI_003","38.883308","-78.120371","749783.681","4307769.356"
"SCBI","2019-06","SCBI2019-06","SCBI_018","38.870965","-78.157532","746602.432","4306298.225"
"SCBI","2019-06","SCBI2019-06","SCBI_013","38.874379","-78.163985","746030.707","4306659.757"
"SCBI","2019-06","SCBI2019-06","SCBI_016","38.904234","-78.158647","746390.625","4309987.955"
"SCBI","2019-06","SCBI2019-06","SCBI_017","38.879363","-78.135381","748495.222","4307290.536"
"SCBI","2019-06","SCBI2019-06","SCBI_045","38.890566","-78.139432","748104.777","4308522.93"
"SCBI","2019-06","SCBI2019-06","SCBI_007","38.884909","-78.130305","748916.264","4307919.944"
"SCBI","2019-06","SCBI2019-06","SCBI_015","38.884381","-78.141069","747984.236","4307831.967"
"SCBI","2019-06","SCBI2019-06","SCBI_014","38.867075","-78.163552","746093.5","4305850.188"
"SJER","2017-03","SJER2017-03","SJER_014","37.078744","-119.720266","258186.243","4107070.181"
"SJER","2017-03","SJER2017-03","SJER_016","37.077219","-119.716137","258548.539","4106890.393"
"SJER","2017-03","SJER2017-03","SJER_012","37.08368","-119.717046","258488.165","4107609.784"
"SJER","2017-03","SJER2017-03","SJER_015","37.081978","-119.720355","258188.614","4107429.332"
"SJER","2018-03","SJER2018-03","SJER_016","37.077219","-119.716137","258548.539","4106890.393"
"SJER","2018-03","SJER2018-03","SJER_014","37.078744","-119.720266","258186.243","4107070.181"
"SJER","2018-03","SJER2018-03","SJER_022","37.080176","-119.716934","258486.988","4107220.615"
"SJER","2018-03","SJER2018-03","SJER_028","37.078298","-119.727329","257556.83","4107038.738"
"SJER","2018-03","SJER2018-03","SJER_015","37.081978","-119.720355","258188.614","4107429.332"
"SJER","2018-03","SJER2018-03","SJER_012","37.08368","-119.717046","258488.165","4107609.784"
"SJER","2019-03","SJER2019-03","SJER_016","37.077219","-119.716137","258548.539","4106890.393"
"SJER","2019-03","SJER2019-03","SJER_022","37.080176","-119.716934","258486.988","4107220.615"
"SJER","2019-03","SJER2019-03","SJER_012","37.08368","-119.717046","258488.165","4107609.784"
"TALL","2016-05","TALL2016-05","TALL_002","32.922166","-87.428895","459899.092","3642739.859"
"TALL","2016-05","TALL2016-05","TALL_015","32.916737","-87.437886","459056.013","3642141.484"
"TALL","2016-05","TALL2016-05","TALL_006","32.898842","-87.446131","458276.666","3640160.863"
"TALL","2016-05","TALL2016-05","TALL_008","32.921617","-87.433389","459478.662","3642680.718"
"TALL","2016-05","TALL2016-05","TALL_010","32.926835","-87.418704","460854.035","3643253.685"
"TALL","2016-05","TALL2016-05","TALL_012","32.919044","-87.397457","462837.221","3642382.273"
"TALL","2016-05","TALL2016-05","TALL_023","32.929576","-87.411967","461485.033","3643555.07"
"TALL","2016-05","TALL2016-05","TALL_004","32.957884","-87.432614","459567.683","3646700.987"
"TALL","2016-05","TALL2016-05","TALL_018","32.916368","-87.389763","463555.492","3642082.971"
"TALL","2016-05","TALL2016-05","TALL_064","32.959807","-87.425248","460256.933","3646911.443"
"TALL","2016-05","TALL2016-05","TALL_003","32.893534","-87.415333","461154.634","3639560.634"
"TALL","2016-05","TALL2016-05","TALL_005","32.897137","-87.397336","462839.4","3639953.572"
"TALL","2016-05","TALL2016-05","TALL_025","32.899566","-87.396378","462929.959","3640222.598"
"TALL","2016-05","TALL2016-05","TALL_031","32.899318","-87.389034","463616.688","3640192.479"
"TALL","2016-05","TALL2016-05","TALL_027","32.891309","-87.431342","459656.319","3639320.037"
"TALL","2016-05","TALL2016-05","TALL_016","32.970408","-87.415018","461217.644","3648082.851"
"TALL","2016-05","TALL2016-05","TALL_029","32.901599","-87.432036","459596.09","3640461.009"
"TALL","2016-05","TALL2016-05","TALL_032","32.910318","-87.420834","460647.574","3641423.391"
"TALL","2016-05","TALL2016-05","TALL_013","32.884748","-87.454392","457497.322","3638601.758"
"TALL","2016-05","TALL2016-05","TALL_021","32.950118","-87.407534","461908.337","3645830.764"
"TALL","2016-05","TALL2016-05","TALL_017","32.91006","-87.40866","461785.879","3641390.264"
"TALL","2016-05","TALL2016-05","TALL_030","32.954489","-87.403417","462295.036","3646313.792"
"TALL","2016-05","TALL2016-05","TALL_007","32.974426","-87.42694","460105.357","3648532.707"
"TALL","2016-05","TALL2016-05","TALL_020","32.955991","-87.42683","460107.345","3646488.98"
"TALL","2016-05","TALL2016-05","TALL_044","32.952869","-87.397606","462837.441","3646132.118"
"TALL","2016-05","TALL2016-05","TALL_001","32.977665","-87.432705","459568.133","3648893.935"
"UNDE","2016-08","UNDE2016-08","UNDE_016","46.24597","-89.525485","305316.861","5124477.201"
"UNDE","2016-08","UNDE2016-08","UNDE_043","46.234247","-89.542459","303966.647","5123216.502"
"UNDE","2016-08","UNDE2016-08","UNDE_015","46.231237","-89.506506","306728.11","5122793.872"
"UNDE","2016-08","UNDE2016-08","UNDE_038","46.232249","-89.534573","304567.523","5122975.093"
"UNDE","2016-08","UNDE2016-08","UNDE_037","46.231276","-89.541941","303995.992","5122885.118"
"UNDE","2016-08","UNDE2016-08","UNDE_014","46.22596","-89.513299","306185.772","5122224.11"
"UNDE","2016-08","UNDE2016-08","UNDE_044","46.231744","-89.53264","304714.814","5122914.235"
"UNDE","2016-08","UNDE2016-08","UNDE_023","46.230008","-89.501807","307086.124","5122645.862"
"UNDE","2019-06","UNDE2019-06","UNDE_027","46.210824","-89.49004","307926.545","5120485.852"
"UNDE","2019-06","UNDE2019-06","UNDE_035","46.218532","-89.50791","306575.232","5121385.639"
"UNDE","2019-06","UNDE2019-06","UNDE_020","46.207506","-89.481736","308555.512","5120097.089"
"UNDE","2020-07","UNDE2020-07","UNDE_008","46.256193","-89.515052","306157.117","5125587.433"
"UNDE","2020-07","UNDE2020-07","UNDE_003","46.256247","-89.53609","304535.924","5125645.137"
"UNDE","2020-07","UNDE2020-07","UNDE_010","46.237778","-89.541857","304025.627","5123607.306"
"UNDE","2020-07","UNDE2020-07","UNDE_006","46.254613","-89.512657","306336.136","5125406.136"
"UNDE","2020-07","UNDE2020-07","UNDE_017","46.23796","-89.496339","307535.58","5123516.111"
"UNDE","2020-07","UNDE2020-07","UNDE_011","46.215104","-89.505026","306785.59","5120997.688"
"UNDE","2020-07","UNDE2020-07","UNDE_007","46.248716","-89.53615","304504.505","5124808.521"
"UNDE","2020-07","UNDE2020-07","UNDE_012","46.236979","-89.504463","306905.787","5123426.872"
"WREF","2018-07","WREF2018-07","WREF_027","45.818946","-121.976","579548.835","5074441.325"
"WREF","2018-07","WREF2018-07","WREF_008","45.823595","-121.973495","579736.79","5074960.327"
"WREF","2018-07","WREF2018-07","WREF_070","45.824185","-121.955555","581129.436","5075043.871"
"WREF","2018-07","WREF2018-07","WREF_001","45.844033","-121.999068","577721.867","5077205.832"
"WREF","2018-07","WREF2018-07","WREF_026","45.842751","-122.00835","577002.85","5077054.397"
"WREF","2018-07","WREF2018-07","WREF_004","45.822941","-121.998707","577779.271","5074862.742"
"WREF","2018-07","WREF2018-07","WREF_020","45.830006","-121.859917","588549.05","5075792.185"
"WREF","2018-07","WREF2018-07","WREF_012","45.840576","-121.863912","588222.07","5076962.127"
"WREF","2018-07","WREF2018-07","WREF_013","45.835857","-122.018935","576190.379","5076278.315"
"WREF","2018-07","WREF2018-07","WREF_022","45.8404","-122.017276","576312.967","5076784.597"
"WREF","2018-07","WREF2018-07","WREF_015","45.826107","-122.017923","576282.261","5075195.952"
"WREF","2018-07","WREF2018-07","WREF_071","45.829046","-121.958541","580890.424","5075580.972"
"WREF","2018-07","WREF2018-07","WREF_072","45.824274","-121.966341","580291.499","5075042.866"
"WREF","2018-07","WREF2018-07","WREF_007","45.850153","-121.989672","578442.817","5077894.974"
"WREF","2018-07","WREF2018-07","WREF_014","45.849932","-121.99427","578086.15","5077865.937"
"WREF","2018-07","WREF2018-07","WREF_019","45.819757","-121.968998","580091.599","5074538.407"
"WREF","2018-07","WREF2018-07","WREF_002","45.811294","-121.990796","578410.097","5073576.464"
"WREF","2018-07","WREF2018-07","WREF_003","45.831516","-122.018608","576221.694","5075796.245"
"WREF","2018-07","WREF2018-07","WREF_028","45.812568","-121.981882","579100.868","5073726.879"
"WREF","2018-07","WREF2018-07","WREF_005","45.844315","-122.002564","577449.972","5077233.776"
"WREF","2018-07","WREF2018-07","WREF_024","45.849144","-121.996649","577902.55","5077776.057"
"WREF","2018-07","WREF2018-07","WREF_029","45.846411","-121.829411","590891.734","5077649.175"
"WREF","2018-07","WREF2018-07","WREF_006","45.83118","-121.813904","592120.864","5075974.71"
"WREF","2018-07","WREF2018-07","WREF_018","45.828445","-122.011717","576761.09","5075461.702"
"WREF","2018-07","WREF2018-07","WREF_021","45.844382","-121.978569","579313.059","5077264.708"
"WREF","2018-07","WREF2018-07","WREF_030","45.838687","-122.004959","577271.846","5076606.142"
"WREF","2018-07","WREF2018-07","WREF_025","45.829829","-121.869134","587833.476","5075762.379"
"WREF","2019-07","WREF2019-07","WREF_014","45.849932","-121.99427","578086.15","5077865.937"
"WREF","2019-07","WREF2019-07","WREF_024","45.849144","-121.996649","577902.55","5077776.057"
"WREF","2019-07","WREF2019-07","WREF_007","45.850153","-121.989672","578442.817","5077894.974"
"WREF","2019-07","WREF2019-07","WREF_010","45.828324","-121.850642","589272.108","5075615.713"
"WREF","2019-07","WREF2019-07","WREF_071","45.829046","-121.958541","580890.424","5075580.972"
"WREF","2019-07","WREF2019-07","WREF_029","45.846411","-121.829411","590891.734","5077649.175"
"WREF","2019-07","WREF2019-07","WREF_070","45.824185","-121.955555","581129.436","5075043.871"
"WREF","2019-07","WREF2019-07","WREF_018","45.828445","-122.011717","576761.09","5075461.702"
"WREF","2019-07","WREF2019-07","WREF_002","45.811294","-121.990796","578410.097","5073576.464"
"WREF","2019-07","WREF2019-07","WREF_017","45.820485","-121.99487","578080.749","5074593.689"
"WREF","2019-07","WREF2019-07","WREF_072","45.824274","-121.966341","580291.499","5075042.866"
"WREF","2019-07","WREF2019-07","WREF_003","45.831516","-122.018608","576221.694","5075796.245"
"WREF","2019-07","WREF2019-07","WREF_028","45.812568","-121.981882","579100.868","5073726.879"
"WREF","2019-07","WREF2019-07","WREF_004","45.822941","-121.998707","577779.271","5074862.742"
"YELL","2018-07","YELL2018-07","YELL_002","44.932467","-110.634896","528809.56","4975513.184"
"YELL","2018-07","YELL2018-07","YELL_020","44.943866","-110.648504","527730.288","4976774.759"
"YELL","2018-07","YELL2018-07","YELL_016","44.965771","-110.583711","532829.438","4979232.263"
"YELL","2019-07","YELL2019-07","YELL_009","44.970313","-110.501884","539279.406","4979773.259"
"YELL","2019-07","YELL2019-07","YELL_019","44.955431","-110.494795","539848.749","4978123.552"
"YELL","2019-07","YELL2019-07","YELL_003","44.954777","-110.533202","536819.73","4978032.727"
"YELL","2019-07","YELL2019-07","YELL_027","44.961505","-110.598574","531659.726","4978752.428"
"YELL","2019-07","YELL2019-07","YELL_004","44.962834","-110.593234","532080.145","4978902.182"
"YELL","2019-07","YELL2019-07","YELL_001","44.917485","-110.410361","546539.224","4973953.188"
"YELL","2019-07","YELL2019-07","YELL_002","44.932467","-110.634896","528809.56","4975513.184"
"YELL","2019-07","YELL2019-07","YELL_011","44.957159","-110.59138","532229.538","4978272.56"
"YELL","2019-07","YELL2019-07","YELL_051","44.954277","-110.541571","536159.984","4977973.414"
"YELL","2019-07","YELL2019-07","YELL_048","44.951273","-110.536649","536550.113","4977641.856"
"YELL","2019-07","YELL2019-07","YELL_046","44.952363","-110.541582","536160.269","4977760.795"
"YELL","2019-07","YELL2019-07","YELL_012","44.944613","-110.433659","544679.288","4976953.593"
"YELL","2020-07","YELL2020-07","YELL_046","44.952363","-110.541582","536160.269","4977760.795"
"YELL","2020-07","YELL2020-07","YELL_051","44.954277","-110.541571","536159.984","4977973.414"
"YELL","2020-07","YELL2020-07","YELL_048","44.951273","-110.536649","536550.113","4977641.856"
"YELL","2020-07","YELL2020-07","YELL_016","44.965771","-110.583711","532829.438","4979232.263"
"ABBY","2017-06","ABBY2017-06","ABBY_011","45.743361","-122.358994","549863.536","5065733.54"
"ABBY","2017-06","ABBY2017-06","ABBY_013","45.745332","-122.372807","548787.33","5065944.038"
"ABBY","2017-06","ABBY2017-06","ABBY_012","45.754263","-122.384239","547890.374","5066929.326"
"ABBY","2017-06","ABBY2017-06","ABBY_018","45.764526","-122.38678","547684.017","5068068.109"
"ABBY","2017-06","ABBY2017-06","ABBY_007","45.768936","-122.361007","549684.252","5068573.756"
"ABBY","2017-06","ABBY2017-06","ABBY_008","45.771358","-122.355223","550131.807","5068846.389"
"ABBY","2017-06","ABBY2017-06","ABBY_010","45.776549","-122.375934","548516.969","5069410.372"
"ABBY","2018-06","ABBY2018-06","ABBY_011","45.743361","-122.358994","549863.536","5065733.54"
"ABBY","2018-06","ABBY2018-06","ABBY_002","45.739055","-122.309112","553747.919","5065287.429"
"ABBY","2018-06","ABBY2018-06","ABBY_015","45.732279","-122.300349","554436.24","5064540.597"
"ABBY","2018-06","ABBY2018-06","ABBY_010","45.776549","-122.375934","548516.969","5069410.372"
"ABBY","2018-06","ABBY2018-06","ABBY_017","45.772764","-122.369799","548997.257","5068993.563"
"ABBY","2018-06","ABBY2018-06","ABBY_020","45.767791","-122.303342","554169","5068483.93"
"ABBY","2018-06","ABBY2018-06","ABBY_004","45.76858","-122.298736","554526.433","5068574.728"
"ABBY","2018-06","ABBY2018-06","ABBY_007","45.768936","-122.361007","549684.252","5068573.756"
"ABBY","2018-06","ABBY2018-06","ABBY_063","45.760513","-122.330039","552099.975","5067656.284"
"ABBY","2018-06","ABBY2018-06","ABBY_009","45.76561","-122.299532","554467.4","5068244.246"
"ABBY","2018-06","ABBY2018-06","ABBY_008","45.771358","-122.355223","550131.807","5068846.389"
"ABBY","2018-06","ABBY2018-06","ABBY_001","45.772619","-122.346369","550819.025","5068992.14"
"ABBY","2018-06","ABBY2018-06","ABBY_016","45.746995","-122.332415","551927.684","5066154.244"
"ABBY","2018-06","ABBY2018-06","ABBY_018","45.764526","-122.38678","547684.017","5068068.109"
"ABBY","2018-06","ABBY2018-06","ABBY_003","45.762016","-122.371092","548906.122","5067798.686"
"ABBY","2018-06","ABBY2018-06","ABBY_012","45.754263","-122.384239","547890.374","5066929.326"
"ABBY","2018-06","ABBY2018-06","ABBY_028","45.745361","-122.375882","548548.121","5065945.355"
"ABBY","2018-06","ABBY2018-06","ABBY_023","45.744589","-122.381659","548099.384","5065856.144"
"ABBY","2018-06","ABBY2018-06","ABBY_005","45.770977","-122.389412","547473.873","5068783.296"
"ABBY","2018-06","ABBY2018-06","ABBY_013","45.745332","-122.372807","548787.33","5065944.038"
"ABBY","2018-06","ABBY2018-06","ABBY_070","45.761334","-122.330793","552040.539","5067746.934"
"ABBY","2018-06","ABBY2018-06","ABBY_061","45.762451","-122.331158","552011.163","5067872.242"
"ABBY","2018-06","ABBY2018-06","ABBY_029","45.764081","-122.313751","553363.209","5068064.748"
"ABBY","2018-06","ABBY2018-06","ABBY_027","45.777447","-122.297106","554644.48","5069561.017"
"ABBY","2018-06","ABBY2018-06","ABBY_025","45.76953","-122.324489","552523.063","5068663.055"
"ABBY","2018-06","ABBY2018-06","ABBY_026","45.770172","-122.387515","547622.116","5068694.906"
"ABBY","2018-06","ABBY2018-06","ABBY_006","45.754053","-122.298512","554557.953","5066960.965"
"ABBY","2018-06","ABBY2018-06","ABBY_022","45.755549","-122.320429","552851.961","5067112.393"
"ABBY","2018-06","ABBY2018-06","ABBY_019","45.752593","-122.325825","552435.104","5066780.441"
"ABBY","2018-06","ABBY2018-06","ABBY_021","45.743937","-122.317109","553121.174","5065824.511"
"ABBY","2018-06","ABBY2018-06","ABBY_014","45.751186","-122.317373","553093.765","5066629.74"
"ABBY","2018-06","ABBY2018-06","ABBY_024","45.741379","-122.339833","551355.845","5065525.515"
"ABBY","2018-06","ABBY2018-06","ABBY_030","45.772435","-122.316395","553149.702","5068991.248"
"ABBY","2019-07","ABBY2019-07","ABBY_018","45.764526","-122.38678","547684.017","5068068.109"
"ABBY","2019-07","ABBY2019-07","ABBY_012","45.754263","-122.384239","547890.374","5066929.326"
"ABBY","2019-07","ABBY2019-07","ABBY_019","45.752593","-122.325825","552435.104","5066780.441"
"ABBY","2019-07","ABBY2019-07","ABBY_022","45.755549","-122.320429","552851.961","5067112.393"
"ABBY","2019-07","ABBY2019-07","ABBY_029","45.764081","-122.313751","553363.209","5068064.748"
"ABBY","2019-07","ABBY2019-07","ABBY_027","45.777447","-122.297106","554644.48","5069561.017"
"ABBY","2019-07","ABBY2019-07","ABBY_026","45.770172","-122.387515","547622.116","5068694.906"
"MOAB","2017-07","MOAB2017-07","MOAB_023","38.234398","-109.380261","641759.372","4233062.788"
"SOAP","2017-06","SOAP2017-06","SOAP_044","37.031452","-119.269313","298153.994","4100769.585"
"SOAP","2017-06","SOAP2017-06","SOAP_031","37.035342","-119.252227","299684.194","4101165.058"
"SOAP","2017-06","SOAP2017-06","SOAP_003","37.033983","-119.250835","299804.413","4101011.247"
"SOAP","2017-06","SOAP2017-06","SOAP_010","37.03519","-119.273802","297764.641","4101193.791"
"SOAP","2017-06","SOAP2017-06","SOAP_043","37.034451","-119.268722","298214.494","4101101.06"
"SOAP","2018-06","SOAP2018-06","SOAP_011","37.037301","-119.26273","298755.085","4101404.624"
"SOAP","2018-06","SOAP2018-06","SOAP_001","37.037898","-119.273529","297796.108","4101493.765"
"SOAP","2018-06","SOAP2018-06","SOAP_031","37.035342","-119.252227","299684.194","4101165.058"
"SOAP","2018-06","SOAP2018-06","SOAP_009","37.037935","-119.256677","299295.188","4101462.123"
"SOAP","2018-06","SOAP2018-06","SOAP_014","37.036558","-119.258326","299144.851","4101312.764"
"SOAP","2018-06","SOAP2018-06","SOAP_020","37.036585","-119.25697","299265.588","4101312.94"
"SOAP","2018-06","SOAP2018-06","SOAP_022","37.038279","-119.252655","299653.818","4101491.777"
"SOAP","2018-06","SOAP2018-06","SOAP_015","37.038264","-119.251658","299742.481","4101488.051"
"SOAP","2018-06","SOAP2018-06","SOAP_002","37.030703","-119.281763","297044.459","4100712.894"
"SOAP","2019-06","SOAP2019-06","SOAP_012","37.030515","-119.276685","297495.758","4100681.198"
"SOAP","2019-06","SOAP2019-06","SOAP_010","37.03519","-119.273802","297764.641","4101193.791"
"SOAP","2019-06","SOAP2019-06","SOAP_043","37.034451","-119.268722","298214.494","4101101.06"
"SOAP","2019-06","SOAP2019-06","SOAP_023","37.036213","-119.248183","300046.167","4101253.172"
"SOAP","2019-06","SOAP2019-06","SOAP_031","37.035342","-119.252227","299684.194","4101165.058"
"SOAP","2019-06","SOAP2019-06","SOAP_030","37.033674","-119.28051","297163.894","4101039.895"
"SOAP","2019-06","SOAP2019-06","SOAP_021","37.036227","-119.276172","297556.554","4101313.92"
"SOAP","2019-06","SOAP2019-06","SOAP_028","37.025181","-119.273166","297794.611","4100081.906"
"SOAP","2019-06","SOAP2019-06","SOAP_013","37.029599","-119.281718","297045.53","4100590.368"
"SOAP","2019-06","SOAP2019-06","SOAP_024","37.025014","-119.28258","296956.63","4100083.488"
"SOAP","2019-06","SOAP2019-06","SOAP_020","37.036585","-119.25697","299265.588","4101312.94"
"SOAP","2019-06","SOAP2019-06","SOAP_014","37.036558","-119.258326","299144.851","4101312.764"
"SOAP","2019-06","SOAP2019-06","SOAP_009","37.037935","-119.256677","299295.188","4101462.123"
"SOAP","2019-06","SOAP2019-06","SOAP_029","37.036654","-119.267104","298364.29","4101342.088"
"SOAP","2019-06","SOAP2019-06","SOAP_025","37.037639","-119.25836","299144.661","4101432.864"
"SOAP","2019-06","SOAP2019-06","SOAP_011","37.037301","-119.26273","298755.085","4101404.624"
"SOAP","2019-06","SOAP2019-06","SOAP_015","37.038264","-119.251658","299742.481","4101488.051"
"SOAP","2019-06","SOAP2019-06","SOAP_044","37.031452","-119.269313","298153.994","4100769.585"
"SOAP","2019-06","SOAP2019-06","SOAP_022","37.038279","-119.252655","299653.818","4101491.777"
"SOAP","2019-06","SOAP2019-06","SOAP_026","37.030375","-119.270272","298065.851","4100652.112"
"SOAP","2019-06","SOAP2019-06","SOAP_019","37.030844","-119.245692","300253.709","4100652.237"
"SOAP","2019-06","SOAP2019-06","SOAP_017","37.030901","-119.242317","300554.094","4100651.42"
"SOAP","2019-06","SOAP2019-06","SOAP_018","37.028985","-119.243605","300434.504","4100441.567"
"SOAP","2019-06","SOAP2019-06","SOAP_027","37.029446","-119.277325","297435.936","4100563.938"
"TEAK","2017-07","TEAK2017-07","TEAK_011","37.004153","-119.002986","321781.785","4097208.486"
"TEAK","2017-07","TEAK2017-07","TEAK_043","36.999698","-119.011037","321054.895","4096729.277"
"TEAK","2017-07","TEAK2017-07","TEAK_012","37.013801","-119.009599","321215.94","4098291.344"
"TEAK","2017-07","TEAK2017-07","TEAK_045","36.997917","-119.00382","321693.01","4096518.103"
"TEAK","2017-07","TEAK2017-07","TEAK_029","37.013711","-119.031203","319293.484","4098322.126"
"TEAK","2019-07","TEAK2019-07","TEAK_012","37.013801","-119.009599","321215.94","4098291.344"
"TEAK","2019-07","TEAK2019-07","TEAK_027","37.064904","-118.97621","324304.551","4103899.042"
"TEAK","2019-07","TEAK2019-07","TEAK_003","37.012962","-119.010619","321123.175","4098200.103"
"TEAK","2019-07","TEAK2019-07","TEAK_011","37.004153","-119.002986","321781.785","4097208.486"
"TEAK","2019-07","TEAK2019-07","TEAK_030","37.059672","-118.981148","323853.422","4103327.723"
"TEAK","2019-07","TEAK2019-07","TEAK_004","37.001687","-119.036304","318811.023","4096997.789"
"TEAK","2019-07","TEAK2019-07","TEAK_010","37.014434","-119.049096","317703.194","4098436.45"
"TEAK","2019-07","TEAK2019-07","TEAK_007","36.999797","-119.052104","317400.497","4096818.256"
"TEAK","2019-07","TEAK2019-07","TEAK_028","37.055339","-118.982025","323765.374","4102848.532"
"HEAL","2017-07","HEAL2017-07","HEAL_014","63.886767","-149.27372","388355.538","7086385.854"
"HEAL","2017-07","HEAL2017-07","HEAL_023","63.887447","-149.28229","387937.601","7086476.629"
"HEAL","2017-07","HEAL2017-07","HEAL_018","63.862657","-149.249125","389468.126","7083657.748"
"HEAL","2017-07","HEAL2017-07","HEAL_017","63.866487","-149.260447","388927.029","7084103.935"
"HEAL","2017-07","HEAL2017-07","HEAL_027","63.867913","-149.2557","389165.806","7084254.533"
"HEAL","2017-07","HEAL2017-07","HEAL_003","63.865625","-149.22988","390425.187","7083955.18"
"HEAL","2017-07","HEAL2017-07","HEAL_016","63.877347","-149.202686","391806.164","7085214.323"
"HEAL","2017-07","HEAL2017-07","HEAL_020","63.871707","-149.271288","388415.202","7084704.268"
"HEAL","2017-07","HEAL2017-07","HEAL_025","63.87307","-149.287886","387605.469","7084885.234"
"HEAL","2017-07","HEAL2017-07","HEAL_006","63.869587","-149.287603","387605.429","7084496.79"
"HEAL","2017-07","HEAL2017-07","HEAL_012","63.869816","-149.272955","388325.815","7084496.634"
"HEAL","2017-07","HEAL2017-07","HEAL_004","63.863602","-149.273634","388267.786","7083805.646"
"HEAL","2017-07","HEAL2017-07","HEAL_024","63.881157","-149.287307","387666.18","7085784.879"
"HEAL","2017-07","HEAL2017-07","HEAL_077","63.89218","-149.27171","388475.663","7086985.218"
"HEAL","2017-07","HEAL2017-07","HEAL_002","63.871137","-149.240038","389947.725","7084586.49"
"HEAL","2017-07","HEAL2017-07","HEAL_010","63.877229","-149.263771","388806.195","7085306.145"
"HEAL","2017-07","HEAL2017-07","HEAL_007","63.878349","-149.27729","388146.822","7085454.579"
"HEAL","2017-07","HEAL2017-07","HEAL_029","63.869787","-149.256455","389136.121","7084464.555"
"HEAL","2017-07","HEAL2017-07","HEAL_028","63.871278","-149.265115","388716.652","7084645.744"
"HEAL","2018-08","HEAL2018-08","HEAL_047","63.872775","-149.220656","390906.01","7084735.666"
"HEAL","2018-08","HEAL2018-08","HEAL_046","63.873367","-149.216447","391115.029","7084794.415"
"HEAL","2018-08","HEAL2018-08","HEAL_045","63.875485","-149.21903","390996.383","7085034.699"
"HEAL","2018-08","HEAL2018-08","HEAL_014","63.886767","-149.27372","388355.538","7086385.854"
"HEAL","2018-08","HEAL2018-08","HEAL_005","63.897743","-149.22509","390785.3","7087524.215"
"HEAL","2018-08","HEAL2018-08","HEAL_022","63.887475","-149.212621","391357.448","7086359.286"
"HEAL","2018-08","HEAL2018-08","HEAL_017","63.866487","-149.260447","388927.029","7084103.935"
"HEAL","2018-08","HEAL2018-08","HEAL_024","63.881157","-149.287307","387666.18","7085784.879"
"HEAL","2018-08","HEAL2018-08","HEAL_011","63.887139","-149.301221","387007.124","7086475.713"
"HEAL","2018-08","HEAL2018-08","HEAL_015","63.894285","-149.209552","391534.379","7087112.514"
"HEAL","2018-08","HEAL2018-08","HEAL_029","63.869787","-149.256455","389136.121","7084464.555"
"HEAL","2018-08","HEAL2018-08","HEAL_016","63.877347","-149.202686","391806.164","7085214.323"
"HEAL","2018-08","HEAL2018-08","HEAL_027","63.867913","-149.2557","389165.806","7084254.533"
"HEAL","2018-08","HEAL2018-08","HEAL_004","63.863602","-149.273634","388267.786","7083805.646"
"HEAL","2018-08","HEAL2018-08","HEAL_021","63.8907","-149.264221","388837.356","7086807.307"
"HEAL","2018-08","HEAL2018-08","HEAL_009","63.871058","-149.209531","391445.769","7084525.484"
"HEAL","2018-08","HEAL2018-08","HEAL_018","63.862657","-149.249125","389468.126","7083657.748"
"HEAL","2018-08","HEAL2018-08","HEAL_077","63.89218","-149.27171","388475.663","7086985.218"
"HEAL","2018-08","HEAL2018-08","HEAL_020","63.871707","-149.271288","388415.202","7084704.268"
"HEAL","2018-08","HEAL2018-08","HEAL_028","63.871278","-149.265115","388716.652","7084645.744"
"HEAL","2018-08","HEAL2018-08","HEAL_012","63.869816","-149.272955","388325.815","7084496.634"
"HEAL","2018-08","HEAL2018-08","HEAL_023","63.887447","-149.28229","387937.601","7086476.629"
"HEAL","2018-08","HEAL2018-08","HEAL_010","63.877229","-149.263771","388806.195","7085306.145"
"HEAL","2018-08","HEAL2018-08","HEAL_002","63.871137","-149.240038","389947.725","7084586.49"
"HEAL","2018-08","HEAL2018-08","HEAL_026","63.886716","-149.18997","392466.418","7086236.316"
"HEAL","2018-08","HEAL2018-08","HEAL_003","63.865625","-149.22988","390425.187","7083955.18"
"HEAL","2018-08","HEAL2018-08","HEAL_001","63.888391","-149.20477","391746.35","7086447.88"
"HEAL","2018-08","HEAL2018-08","HEAL_019","63.894643","-149.2872","387725.321","7087286.785"
"HEAL","2018-08","HEAL2018-08","HEAL_008","63.893483","-149.275436","388297.995","7087136.878"
"HEAL","2018-08","HEAL2018-08","HEAL_013","63.864486","-149.198645","391955.226","7083775.034"
"HEAL","2018-08","HEAL2018-08","HEAL_025","63.87307","-149.287886","387605.469","7084885.234"
"HEAL","2018-08","HEAL2018-08","HEAL_007","63.878349","-149.27729","388146.822","7085454.579"
"HEAL","2018-08","HEAL2018-08","HEAL_006","63.869587","-149.287603","387605.429","7084496.79"
"HEAL","2019-08","HEAL2019-08","HEAL_046","63.873367","-149.216447","391115.029","7084794.415"
"HEAL","2019-08","HEAL2019-08","HEAL_045","63.875485","-149.21903","390996.383","7085034.699"
"HEAL","2019-08","HEAL2019-08","HEAL_004","63.863602","-149.273634","388267.786","7083805.646"
"HEAL","2019-08","HEAL2019-08","HEAL_028","63.871278","-149.265115","388716.652","7084645.744"
"HEAL","2019-08","HEAL2019-08","HEAL_029","63.869787","-149.256455","389136.121","7084464.555"
"HEAL","2019-08","HEAL2019-08","HEAL_017","63.866487","-149.260447","388927.029","7084103.935"
"HEAL","2019-08","HEAL2019-08","HEAL_027","63.867913","-149.2557","389165.806","7084254.533"
"HEAL","2019-08","HEAL2019-08","HEAL_005","63.897743","-149.22509","390785.3","7087524.215"
"HEAL","2019-08","HEAL2019-08","HEAL_002","63.871137","-149.240038","389947.725","7084586.49"
"HEAL","2019-08","HEAL2019-08","HEAL_015","63.894285","-149.209552","391534.379","7087112.514"
"HEAL","2019-08","HEAL2019-08","HEAL_009","63.871058","-149.209531","391445.769","7084525.484"
"HEAL","2019-08","HEAL2019-08","HEAL_003","63.865625","-149.22988","390425.187","7083955.18"
"HEAL","2019-08","HEAL2019-08","HEAL_047","63.872775","-149.220656","390906.01","7084735.666"
"HEAL","2019-08","HEAL2019-08","HEAL_001","63.888391","-149.20477","391746.35","7086447.88"
"HEAL","2019-08","HEAL2019-08","HEAL_022","63.887475","-149.212621","391357.448","7086359.286"
"HEAL","2019-08","HEAL2019-08","HEAL_014","63.886767","-149.27372","388355.538","7086385.854"
"HEAL","2019-08","HEAL2019-08","HEAL_010","63.877229","-149.263771","388806.195","7085306.145"
"HEAL","2019-08","HEAL2019-08","HEAL_021","63.8907","-149.264221","388837.356","7086807.307"
"HEAL","2019-08","HEAL2019-08","HEAL_007","63.878349","-149.27729","388146.822","7085454.579"
"HEAL","2019-08","HEAL2019-08","HEAL_008","63.893483","-149.275436","388297.995","7087136.878"
"HEAL","2019-08","HEAL2019-08","HEAL_020","63.871707","-149.271288","388415.202","7084704.268"
"HEAL","2019-08","HEAL2019-08","HEAL_077","63.89218","-149.27171","388475.663","7086985.218"
"HEAL","2019-08","HEAL2019-08","HEAL_012","63.869816","-149.272955","388325.815","7084496.634"
"HEAL","2019-08","HEAL2019-08","HEAL_016","63.877347","-149.202686","391806.164","7085214.323"
"HEAL","2019-08","HEAL2019-08","HEAL_019","63.894643","-149.2872","387725.321","7087286.785"
"HEAL","2019-08","HEAL2019-08","HEAL_013","63.864486","-149.198645","391955.226","7083775.034"
"HEAL","2019-08","HEAL2019-08","HEAL_011","63.887139","-149.301221","387007.124","7086475.713"
"HEAL","2019-08","HEAL2019-08","HEAL_006","63.869587","-149.287603","387605.429","7084496.79"
"HEAL","2019-08","HEAL2019-08","HEAL_026","63.886716","-149.18997","392466.418","7086236.316"
"HEAL","2019-08","HEAL2019-08","HEAL_025","63.87307","-149.287886","387605.469","7084885.234"
"HEAL","2019-08","HEAL2019-08","HEAL_023","63.887447","-149.28229","387937.601","7086476.629"
"HEAL","2019-08","HEAL2019-08","HEAL_018","63.862657","-149.249125","389468.126","7083657.748"
"HEAL","2019-08","HEAL2019-08","HEAL_024","63.881157","-149.287307","387666.18","7085784.879"
"DEJU","2017-07","DEJU2017-07","DEJU_015","63.87415","-145.741425","561833.304","7083600.246"
"DEJU","2017-07","DEJU2017-07","DEJU_029","63.875181","-145.736494","562073.251","7083719.932"
"DEJU","2017-07","DEJU2017-07","DEJU_018","63.837932","-145.755235","561233.595","7079551.74"
"DEJU","2017-07","DEJU2017-07","DEJU_014","63.831139","-145.747612","561623.434","7078802.279"
"DEJU","2017-07","DEJU2017-07","DEJU_022","63.874251","-145.721887","562792.888","7083630.535"
"DEJU","2017-07","DEJU2017-07","DEJU_006","63.835171","-145.748058","561592.668","7079251.002"
"DEJU","2017-07","DEJU2017-07","DEJU_009","63.853315","-145.760668","560933.069","7081260.415"
"DEJU","2017-07","DEJU2017-07","DEJU_028","63.869323","-145.742874","561772.706","7083061.027"
"DEJU","2017-07","DEJU2017-07","DEJU_026","63.856988","-145.749533","561472.492","7081680.351"
"DEJU","2017-07","DEJU2017-07","DEJU_021","63.860681","-145.742041","561832.638","7082099.011"
"DEJU","2017-07","DEJU2017-07","DEJU_030","63.866059","-145.739985","561921.864","7082700.241"
"DEJU","2017-07","DEJU2017-07","DEJU_016","63.857875","-145.759874","560962.224","7081769.228"
"DEJU","2017-07","DEJU2017-07","DEJU_020","63.845012","-145.733569","562283.682","7080361.504"
"DEJU","2018-08","DEJU2018-08","DEJU_046","63.877756","-145.753497","561232.427","7083990.317"
"DEJU","2018-08","DEJU2018-08","DEJU_045","63.880889","-145.742977","561742.274","7084349.536"
"DEJU","2018-08","DEJU2018-08","DEJU_047","63.88224","-145.739248","561922.44","7084503.699"
"DEJU","2018-08","DEJU2018-08","DEJU_026","63.856988","-145.749533","561472.492","7081680.351"
"DEJU","2018-08","DEJU2018-08","DEJU_009","63.853315","-145.760668","560933.069","7081260.415"
"DEJU","2018-08","DEJU2018-08","DEJU_018","63.837932","-145.755235","561233.595","7079551.74"
"DEJU","2018-08","DEJU2018-08","DEJU_022","63.874251","-145.721887","562792.888","7083630.535"
"DEJU","2018-08","DEJU2018-08","DEJU_006","63.835171","-145.748058","561592.668","7079251.002"
"DEJU","2018-08","DEJU2018-08","DEJU_011","63.880982","-145.723425","562702.324","7084378.985"
"DEJU","2018-08","DEJU2018-08","DEJU_002","63.879623","-145.720429","562852.504","7084230.561"
"DEJU","2018-08","DEJU2018-08","DEJU_020","63.845012","-145.733569","562283.682","7080361.504"
"DEJU","2018-08","DEJU2018-08","DEJU_021","63.860681","-145.742041","561832.638","7082099.011"
"DEJU","2018-08","DEJU2018-08","DEJU_012","63.92112","-145.787666","559462.286","7088789.479"
"DEJU","2018-08","DEJU2018-08","DEJU_014","63.831139","-145.747612","561623.434","7078802.279"
"DEJU","2018-08","DEJU2018-08","DEJU_003","63.930794","-145.751133","561232.857","7089901.822"
"DEJU","2018-08","DEJU2018-08","DEJU_029","63.875181","-145.736494","562073.251","7083719.932"
"DEJU","2018-08","DEJU2018-08","DEJU_010","63.937523","-145.751463","561202.019","7090651.239"
"DEJU","2018-08","DEJU2018-08","DEJU_019","63.891194","-145.75105","561323.317","7085489.899"
"DEJU","2018-08","DEJU2018-08","DEJU_028","63.869323","-145.742874","561772.706","7083061.027"
"DEJU","2018-08","DEJU2018-08","DEJU_004","63.912331","-145.766038","560541.927","7087830.553"
"DEJU","2018-08","DEJU2018-08","DEJU_007","63.866754","-145.726499","562582.969","7082790.784"
"DEJU","2018-08","DEJU2018-08","DEJU_015","63.87415","-145.741425","561833.304","7083600.246"
"DEJU","2018-08","DEJU2018-08","DEJU_030","63.866059","-145.739985","561921.864","7082700.241"
"DEJU","2018-08","DEJU2018-08","DEJU_023","63.934644","-145.761389","560721.732","7090320.96"
"DEJU","2018-08","DEJU2018-08","DEJU_067","63.915466","-145.755464","561053.833","7088189.919"
"DEJU","2018-08","DEJU2018-08","DEJU_027","63.896283","-145.77832","559973.624","7086030.994"
"DEJU","2018-08","DEJU2018-08","DEJU_016","63.857875","-145.759874","560962.224","7081769.228"
"DEJU","2018-08","DEJU2018-08","DEJU_024","63.887095","-145.77447","560182.273","7085010.935"
"DEJU","2018-08","DEJU2018-08","DEJU_017","63.883388","-145.780721","559883.25","7084592.01"
"DEJU","2018-08","DEJU2018-08","DEJU_005","63.896876","-145.75386","561173.012","7086120.236"
"DEJU","2018-08","DEJU2018-08","DEJU_001","63.89244","-145.769965","560391.987","7085610.726"
"DEJU","2018-08","DEJU2018-08","DEJU_025","63.894482","-145.756391","561053.961","7085851.081"
"DEJU","2018-08","DEJU2018-08","DEJU_008","63.897474","-145.761176","560812.584","7086179.926"
"DEJU","2019-08","DEJU2019-08","DEJU_005","63.896876","-145.75386","561173.012","7086120.236"
"DEJU","2019-08","DEJU2019-08","DEJU_019","63.891194","-145.75105","561323.317","7085489.899"
"DEJU","2019-08","DEJU2019-08","DEJU_025","63.894482","-145.756391","561053.961","7085851.081"
"DEJU","2019-08","DEJU2019-08","DEJU_047","63.88224","-145.739248","561922.44","7084503.699"
"DEJU","2019-08","DEJU2019-08","DEJU_008","63.897474","-145.761176","560812.584","7086179.926"
"DEJU","2019-08","DEJU2019-08","DEJU_001","63.89244","-145.769965","560391.987","7085610.726"
"DEJU","2019-08","DEJU2019-08","DEJU_027","63.896283","-145.77832","559973.624","7086030.994"
"DEJU","2019-08","DEJU2019-08","DEJU_045","63.880889","-145.742977","561742.274","7084349.536"
"DEJU","2019-08","DEJU2019-08","DEJU_018","63.837932","-145.755235","561233.595","7079551.74"
"DEJU","2019-08","DEJU2019-08","DEJU_026","63.856988","-145.749533","561472.492","7081680.351"
"DEJU","2019-08","DEJU2019-08","DEJU_010","63.937523","-145.751463","561202.019","7090651.239"
"DEJU","2019-08","DEJU2019-08","DEJU_003","63.930794","-145.751133","561232.857","7089901.822"
"DEJU","2019-08","DEJU2019-08","DEJU_016","63.857875","-145.759874","560962.224","7081769.228"
"DEJU","2019-08","DEJU2019-08","DEJU_009","63.853315","-145.760668","560933.069","7081260.415"
"DEJU","2019-08","DEJU2019-08","DEJU_023","63.934644","-145.761389","560721.732","7090320.96"
"DEJU","2019-08","DEJU2019-08","DEJU_007","63.866754","-145.726499","562582.969","7082790.784"
"DEJU","2019-08","DEJU2019-08","DEJU_012","63.92112","-145.787666","559462.286","7088789.479"
"DEJU","2019-08","DEJU2019-08","DEJU_024","63.887095","-145.77447","560182.273","7085010.935"
"DEJU","2019-08","DEJU2019-08","DEJU_017","63.883388","-145.780721","559883.25","7084592.01"
"DEJU","2019-08","DEJU2019-08","DEJU_004","63.912331","-145.766038","560541.927","7087830.553"
"DEJU","2019-08","DEJU2019-08","DEJU_006","63.835171","-145.748058","561592.668","7079251.002"
"DEJU","2019-08","DEJU2019-08","DEJU_014","63.831139","-145.747612","561623.434","7078802.279"
"DEJU","2019-08","DEJU2019-08","DEJU_015","63.87415","-145.741425","561833.304","7083600.246"
"DEJU","2019-08","DEJU2019-08","DEJU_020","63.845012","-145.733569","562283.682","7080361.504"
"DEJU","2019-08","DEJU2019-08","DEJU_028","63.869323","-145.742874","561772.706","7083061.027"
"DEJU","2019-08","DEJU2019-08","DEJU_046","63.877756","-145.753497","561232.427","7083990.317"
"DEJU","2019-08","DEJU2019-08","DEJU_067","63.915466","-145.755464","561053.833","7088189.919"
"DEJU","2019-08","DEJU2019-08","DEJU_029","63.875181","-145.736494","562073.251","7083719.932"
"DEJU","2019-08","DEJU2019-08","DEJU_022","63.874251","-145.721887","562792.888","7083630.535"
"DEJU","2019-08","DEJU2019-08","DEJU_011","63.880982","-145.723425","562702.324","7084378.985"
"DEJU","2019-08","DEJU2019-08","DEJU_030","63.866059","-145.739985","561921.864","7082700.241"
"DEJU","2019-08","DEJU2019-08","DEJU_002","63.879623","-145.720429","562852.504","7084230.561"
"DEJU","2019-08","DEJU2019-08","DEJU_021","63.860681","-145.742041","561832.638","7082099.011"
"TREE","2017-08","TREE2017-08","TREE_020","45.492522","-89.560123","299960.339","5040853.954"
"TREE","2017-08","TREE2017-08","TREE_008","45.480471","-89.554979","300319.7","5039502.333"
"TREE","2019-06","TREE2019-06","TREE_046","45.493548","-89.592161","297460.735","5041048.28"
"TREE","2019-06","TREE2019-06","TREE_049","45.493863","-89.591027","297550.493","5041080.458"
"TREE","2019-06","TREE2019-06","TREE_041","45.494189","-89.587993","297788.655","5041109.037"
"TREE","2019-06","TREE2019-06","TREE_018","45.493692","-89.56784","299361.514","5041003.198"
"TREE","2019-06","TREE2019-06","TREE_002","45.492352","-89.567786","299360.969","5040854.208"
"TREE","2020-08","TREE2020-08","TREE_001","45.487728","-89.569877","299181.205","5040345.795"
"TREE","2020-08","TREE2020-08","TREE_004","45.479916","-89.556096","300230.416","5039443.447"
"TREE","2020-08","TREE2020-08","TREE_014","45.486647","-89.569448","299210.887","5040224.577"
"TREE","2020-08","TREE2020-08","TREE_007","45.496912","-89.557232","300201.807","5041334.467"
"JERC","2017-09","JERC2017-09","JERC_030","31.185097","-84.476067","740519.584","3452859.85"
"JERC","2017-09","JERC2017-09","JERC_019","31.187434","-84.470663","741028.784","3453130.699"
"JERC","2017-09","JERC2017-09","JERC_049","31.196488","-84.464108","741630.621","3454148.982"
"JERC","2017-09","JERC2017-09","JERC_009","31.194989","-84.456903","742321.158","3453998.479"
"JERC","2017-09","JERC2017-09","JERC_011","31.185207","-84.468204","741268.88","3452889.156"
"JERC","2017-09","JERC2017-09","JERC_013","31.178468","-84.469946","741119.933","3452138.166"
"JERC","2017-09","JERC2017-09","JERC_036","31.184997","-84.470422","741057.97","3452861.061"
"JERC","2018-09","JERC2018-09","JERC_009","31.194989","-84.456903","742321.158","3453998.479"
"JERC","2018-09","JERC2018-09","JERC_033","31.192003","-84.456038","742411.225","3453669.344"
"JERC","2018-09","JERC2018-09","JERC_018","31.192585","-84.45826","742197.957","3453729"
"JERC","2018-09","JERC2018-09","JERC_008","31.195154","-84.450932","742889.908","3454029.888"
"JERC","2018-09","JERC2018-09","JERC_003","31.196146","-84.473242","740760.955","3454091.103"
"JERC","2018-09","JERC2018-09","JERC_030","31.185097","-84.476067","740519.584","3452859.85"
"JERC","2018-09","JERC2018-09","JERC_028","31.182704","-84.477998","740341.603","3452590.33"
"JERC","2018-09","JERC2018-09","JERC_002","31.194504","-84.460062","742021.366","3453937.766"
"JERC","2018-09","JERC2018-09","JERC_006","31.187671","-84.45585","742440.187","3453189.448"
"JERC","2018-09","JERC2018-09","JERC_012","31.190203","-84.447296","743249.14","3453488.91"
"JERC","2018-09","JERC2018-09","JERC_019","31.187434","-84.470663","741028.784","3453130.699"
"JERC","2018-09","JERC2018-09","JERC_048","31.196458","-84.461913","741839.939","3454150.401"
"JERC","2018-09","JERC2018-09","JERC_015","31.190611","-84.454221","742588.044","3453518.981"
"JERC","2018-09","JERC2018-09","JERC_029","31.186763","-84.46438","741629.434","3453070.04"
"JERC","2018-09","JERC2018-09","JERC_011","31.185207","-84.468204","741268.88","3452889.156"
"JERC","2018-09","JERC2018-09","JERC_031","31.202453","-84.464587","741569.77","3454809.335"
"JERC","2018-09","JERC2018-09","JERC_022","31.210376","-84.468464","741180.198","3455679.314"
"JERC","2018-09","JERC2018-09","JERC_010","31.208217","-84.469499","741087.026","3455437.686"
"JERC","2018-09","JERC2018-09","JERC_013","31.178468","-84.469946","741119.933","3452138.166"
"JERC","2018-09","JERC2018-09","JERC_021","31.175756","-84.469063","741210.967","3451839.408"
"JERC","2018-09","JERC2018-09","JERC_020","31.183807","-84.46508","741570.257","3452740.714"
"JERC","2018-09","JERC2018-09","JERC_036","31.184997","-84.470422","741057.97","3452861.061"
"JERC","2019-09","JERC2019-09","JERC_036","31.184997","-84.470422","741057.97","3452861.061"
"JERC","2019-09","JERC2019-09","JERC_002","31.194504","-84.460062","742021.366","3453937.766"
"JERC","2019-09","JERC2019-09","JERC_010","31.208217","-84.469499","741087.026","3455437.686"
"JERC","2019-09","JERC2019-09","JERC_021","31.175756","-84.469063","741210.967","3451839.408"
"JERC","2019-09","JERC2019-09","JERC_028","31.182704","-84.477998","740341.603","3452590.33"
"JERC","2019-09","JERC2019-09","JERC_035","31.183308","-84.454719","742559.15","3452708.14"
"JERC","2019-09","JERC2019-09","JERC_011","31.185207","-84.468204","741268.88","3452889.156"
"JERC","2019-09","JERC2019-09","JERC_019","31.187434","-84.470663","741028.784","3453130.699"
"JERC","2019-09","JERC2019-09","JERC_013","31.178468","-84.469946","741119.933","3452138.166"
"JERC","2019-09","JERC2019-09","JERC_016","31.180684","-84.472088","740910.128","3452379.225"
"BART","2016-07","BART2016-07","BART_004","44.041571","-71.28692","316774.55","4879032.785"
"BART","2016-07","BART2016-07","BART_002","44.035076","-71.272844","317882.48","4878280.117"
"BART","2018-06","BART2018-06","BART_040","44.06576","-71.29199","316443.143","4881730.835"
"BART","2018-06","BART2018-06","BART_071","44.067944","-71.290624","316559.305","4881970.375"
"BART","2018-06","BART2018-06","BART_019","44.069366","-71.286161","316921.113","4882118.35"
"BART","2018-06","BART2018-06","BART_029","44.057748","-71.28831","316713.177","4880832.731"
"BART","2018-06","BART2018-06","BART_005","44.054614","-71.282188","317193.825","4880470.942"
"BART","2018-06","BART2018-06","BART_013","44.041737","-71.277598","317521.947","4879030.504"
"BART","2018-06","BART2018-06","BART_079","44.0449","-71.320829","314068.229","4879478.52"
"BART","2018-06","BART2018-06","BART_015","44.042915","-71.27314","317882.785","4879151.529"
"BART","2018-06","BART2018-06","BART_004","44.041571","-71.28692","316774.55","4879032.785"
"BART","2018-06","BART2018-06","BART_012","44.046097","-71.316312","314433.816","4879601.245"
"BART","2018-06","BART2018-06","BART_080","44.047374","-71.319728","314164.112","4879750.8"
"BART","2018-06","BART2018-06","BART_001","44.047079","-71.306661","315210.079","4879688.618"
"BART","2018-06","BART2018-06","BART_036","44.062082","-71.285878","316921.313","4881308.67"
"BART","2018-06","BART2018-06","BART_002","44.035076","-71.272844","317882.48","4878280.117"
"BART","2018-06","BART2018-06","BART_025","44.059386","-71.313142","314729.242","4881070.195"
"BART","2018-06","BART2018-06","BART_006","44.060511","-71.310912","314911.395","4881190.079"
"BART","2018-06","BART2018-06","BART_011","44.050004","-71.296272","316051.378","4879990.249"
"BART","2018-06","BART2018-06","BART_024","44.052775","-71.263787","318662.201","4880226.054"
"BART","2018-06","BART2018-06","BART_003","44.055247","-71.263146","318721.132","4880499.227"
"BART","2018-06","BART2018-06","BART_007","44.049697","-71.298504","315871.695","4879961.157"
"BART","2018-06","BART2018-06","BART_016","44.051234","-71.288463","316680.814","4880109.495"
"BART","2018-06","BART2018-06","BART_023","44.049319","-71.263643","318663.202","4879841.849"
"BART","2018-06","BART2018-06","BART_031","44.055537","-71.305098","315361.608","4880624.609"
"BART","2018-06","BART2018-06","BART_028","44.054076","-71.306536","315241.884","4880465.593"
"BART","2018-06","BART2018-06","BART_010","44.050073","-71.26668","318422.209","4879932.269"
"BART","2018-06","BART2018-06","BART_030","44.053801","-71.308071","315118.02","4880438.49"
"BART","2018-06","BART2018-06","BART_068","44.052446","-71.309459","315002.619","4880291.05"
"BART","2018-06","BART2018-06","BART_018","44.058473","-71.277866","317551.944","4880890.032"
"BART","2018-06","BART2018-06","BART_026","44.061261","-71.313922","314672.622","4881280.215"
"BART","2018-06","BART2018-06","BART_066","44.056764","-71.310402","314940.563","4880772.839"
"BART","2018-06","BART2018-06","BART_062","44.057361","-71.305891","315303.699","4880828.963"
"BART","2018-06","BART2018-06","BART_081","44.060682","-71.262947","318753.657","4881102.401"
"BART","2018-06","BART2018-06","BART_027","44.057941","-71.261742","318841.789","4880795.293"
"BART","2019-07","BART2019-07","BART_036","44.062082","-71.285878","316921.313","4881308.67"
"BART","2019-07","BART2019-07","BART_068","44.052446","-71.309459","315002.619","4880291.05"
"BART","2019-07","BART2019-07","BART_024","44.052775","-71.263787","318662.201","4880226.054"
"BART","2019-07","BART2019-07","BART_023","44.049319","-71.263643","318663.202","4879841.849"
"BART","2019-07","BART2019-07","BART_004","44.041571","-71.28692","316774.55","4879032.785"
"BART","2019-07","BART2019-07","BART_026","44.061261","-71.313922","314672.622","4881280.215"
"BART","2019-07","BART2019-07","BART_025","44.059386","-71.313142","314729.242","4881070.195"
"GRSM","2015-08","GRSM2015-08","GRSM_027","35.561217","-83.495854","273791.838","3938149.247"
"GRSM","2015-08","GRSM2015-08","GRSM_029","35.592538","-83.471993","276042.128","3941569.436"
"GRSM","2015-08","GRSM2015-08","GRSM_028","35.593162","-83.468367","276372.411","3941630.415"
"GRSM","2015-08","GRSM2015-08","GRSM_025","35.58978","-83.475516","275715.189","3941271.462"
"GRSM","2015-08","GRSM2015-08","GRSM_016","35.593016","-83.474652","275802.481","3941628.53"
"GRSM","2015-08","GRSM2015-08","GRSM_030","35.591133","-83.475234","275744.531","3941420.871"
"GRSM","2016-07","GRSM2016-07","GRSM_019","35.678734","-83.642356","260861.248","3951533.798"
"GRSM","2016-07","GRSM2016-07","GRSM_026","35.683538","-83.644152","260712.995","3952071.16"
"GRSM","2016-07","GRSM2016-07","GRSM_013","35.683384","-83.638159","261255.041","3952039.441"
"GRSM","2016-07","GRSM2016-07","GRSM_006","35.6789","-83.645325","260592.942","3951559.444"
"GRSM","2016-07","GRSM2016-07","GRSM_002","35.670427","-83.587378","265813.653","3950479.575"
"GRSM","2016-07","GRSM2016-07","GRSM_004","35.690178","-83.536321","270492.519","3952550.286"
"GRSM","2016-07","GRSM2016-07","GRSM_001","35.684589","-83.532102","270858.316","3951920.378"
"GRSM","2016-07","GRSM2016-07","GRSM_014","35.66449","-83.524234","271513.228","3949672.179"
"GRSM","2016-07","GRSM2016-07","GRSM_017","35.669925","-83.522396","271695.098","3950270.859"
"GRSM","2016-07","GRSM2016-07","GRSM_010","35.669842","-83.52603","271365.85","3950270.098"
"GRSM","2016-07","GRSM2016-07","GRSM_023","35.651393","-83.5139","272411.63","3948195.154"
"GRSM","2016-07","GRSM2016-07","GRSM_007","35.686866","-83.513992","272504.006","3952130.841"
"GRSM","2016-07","GRSM2016-07","GRSM_059","35.686509","-83.506609","273171.259","3952074.154"
"GRSM","2016-07","GRSM2016-07","GRSM_055","35.685523","-83.502232","273564.656","3951954.638"
"GRSM","2016-07","GRSM2016-07","GRSM_058","35.691954","-83.505443","273292.201","3952675.524"
"GRSM","2016-07","GRSM2016-07","GRSM_009","35.670878","-83.48998","274632.401","3950301.625"
"GRSM","2016-07","GRSM2016-07","GRSM_012","35.670778","-83.481653","275385.877","3950271.463"
"GRSM","2016-07","GRSM2016-07","GRSM_003","35.67661","-83.474563","276044.077","3950902.29"
"GRSM","2016-07","GRSM2016-07","GRSM_008","35.679121","-83.482275","275352.977","3951198.468"
"GRSM","2016-07","GRSM2016-07","GRSM_020","35.703464","-83.361003","286395.179","3953628.293"
"GRSM","2016-07","GRSM2016-07","GRSM_018","35.704934","-83.344121","287926.679","3953754.762"
"GRSM","2016-07","GRSM2016-07","GRSM_015","35.730398","-83.408575","282163.79","3956721.092"
"GRSM","2016-07","GRSM2016-07","GRSM_011","35.687348","-83.410274","281892.775","3951948.828"
"GRSM","2016-07","GRSM2016-07","GRSM_005","35.681406","-83.397816","283004.215","3951261.975"
"GRSM","2016-07","GRSM2016-07","GRSM_022","35.685732","-83.39795","283003.813","3951742.255"
"GRSM","2016-07","GRSM2016-07","GRSM_024","35.707279","-83.387962","283966.054","3954110.594"
"GRSM","2016-07","GRSM2016-07","GRSM_021","35.71969","-83.403287","282613.031","3955521.343"
"GRSM","2018-04","GRSM2018-04","GRSM_058","35.691954","-83.505443","273292.201","3952675.524"
"GRSM","2018-04","GRSM2018-04","GRSM_020","35.703464","-83.361003","286395.179","3953628.293"
"GRSM","2018-04","GRSM2018-04","GRSM_011","35.687348","-83.410274","281892.775","3951948.828"
"GRSM","2018-04","GRSM2018-04","GRSM_014","35.66449","-83.524234","271513.228","3949672.179"
"GRSM","2018-04","GRSM2018-04","GRSM_055","35.685523","-83.502232","273564.656","3951954.638"
"GRSM","2018-04","GRSM2018-04","GRSM_010","35.669842","-83.52603","271365.85","3950270.098"
"STEI","2017-08","STEI2017-08","STEI_059","45.508883","-89.588327","297815.203","5042742.253"
"STEI","2019-06","STEI2019-06","STEI_024","45.835999","-90.072824","727323.952310499","5079993.47914193"
"STEI","2019-06","STEI2019-06","STEI_005","45.826442","-90.086208","726323.346241576","5078893.62230519"
"STEI","2020-07","STEI2020-07","STEI_021","45.834307","-90.085088","726378.42705562","5079770.61430371"
"STEI","2020-07","STEI2020-07","STEI_001","45.812246","-90.092743","725873.226584124","5077297.9385892"
"STEI","2020-07","STEI2020-07","STEI_002","45.797373","-90.092307","725967.279370346","5075646.79910949"
"STEI","2020-07","STEI2020-07","STEI_022","45.804414","-90.052167","729057.692985634","5076543.49112438"
"STEI","2020-07","STEI2020-07","STEI_008","45.802505","-90.062109","728293.019027215","5076302.91424209"
"STEI","2020-07","STEI2020-07","STEI_006","45.817458","-90.078389","726967.203444118","5077917.7804908"
"STEI","2020-07","STEI2020-07","STEI_003","45.82494","-90.072607","727385.895131668","5078765.38517688"
"STEI","2020-07","STEI2020-07","STEI_019","45.829715","-90.074786","727197.148980994","5079289.77508729"
"STEI","2020-07","STEI2020-07","STEI_005","45.826442","-90.086208","726323.346241576","5078893.62230519"
"STEI","2020-07","STEI2020-07","STEI_004","45.797883","-90.064162","728152.369083933","5075783.54439932"
"STEI","2020-07","STEI2020-07","STEI_020","45.810575","-90.054415","728857.824996667","5077221.4285708"
"STEI","2020-07","STEI2020-07","STEI_023","45.823957","-90.098036","725414.699348633","5078584.07254512"
"STEI","2020-07","STEI2020-07","STEI_010","45.787642","-90.104117","725088.688594484","5074532.31908142"
"STEI","2020-07","STEI2020-07","STEI_009","45.82204","-90.089055","726120.022584539","5078396.55299521"
"STEI","2020-07","STEI2020-07","STEI_007","45.793824","-90.053927","728964.347447658","5075361.86887281"
"STEI","2020-07","STEI2020-07","STEI_011","45.804887","-90.074576","727314.604395296","5076531.95998827"
"STEI","2020-07","STEI2020-07","STEI_024","45.835999","-90.072824","727323.952310499","5079993.47914193"
"LENO","2016-05","LENO2016-05","LENO_063","31.855414","-88.160393","390219.672","3524996.396"
"LENO","2017-06","LENO2017-06","LENO_002","31.806908","-88.193888","386991.566","3519653.851"
"LENO","2017-06","LENO2017-06","LENO_061","31.857544","-88.163277","389949.392","3525235.449"
"LENO","2017-06","LENO2017-06","LENO_062","31.857054","-88.161742","390093.979","3525179.495"
"LENO","2017-06","LENO2017-06","LENO_010","31.809125","-88.185679","387771.315","3519891.048"
"LENO","2017-06","LENO2017-06","LENO_018","31.810782","-88.184743","387861.875","3520073.786"
"LENO","2017-06","LENO2017-06","LENO_008","31.814243","-88.189901","387377.9","3520462.729"
"LENO","2017-06","LENO2017-06","LENO_003","31.808316","-88.188214","387530.362","3519803.976"
"LENO","2017-06","LENO2017-06","LENO_006","31.814261","-88.187361","387618.333","3520462.106"
"LENO","2017-06","LENO2017-06","LENO_063","31.855414","-88.160393","390219.672","3524996.396"
"LENO","2017-06","LENO2017-06","LENO_013","31.818481","-88.199428","386481.307","3520942.515"
"LENO","2017-06","LENO2017-06","LENO_012","31.80812","-88.179966","388310.928","3519773.841"
"LENO","2017-06","LENO2017-06","LENO_023","31.808936","-88.179975","388310.994","3519864.277"
"LENO","2017-06","LENO2017-06","LENO_024","31.819974","-88.185187","387830.96","3521093.138"
"LENO","2017-06","LENO2017-06","LENO_011","31.825952","-88.183042","388041.243","3521753.593"
"LENO","2017-06","LENO2017-06","LENO_009","31.811631","-88.181314","388187.488","3520164.417"
"LENO","2017-06","LENO2017-06","LENO_004","31.821083","-88.182318","388103.831","3521213.188"
"LENO","2017-06","LENO2017-06","LENO_028","31.818801","-88.196903","386720.694","3520975.281"
"LENO","2017-06","LENO2017-06","LENO_022","31.815463","-88.204148","386030.778","3520612.833"
"LENO","2017-06","LENO2017-06","LENO_015","31.815894","-88.191496","387228.901","3520647.403"
"LENO","2017-06","LENO2017-06","LENO_007","31.812516","-88.202238","386207.963","3520284.152"
"LENO","2017-06","LENO2017-06","LENO_019","31.818793","-88.194691","386929.974","3520972.174"
"LENO","2017-06","LENO2017-06","LENO_027","31.817949","-88.202252","386213.359","3520886.457"
"LENO","2017-06","LENO2017-06","LENO_026","31.825114","-88.185895","387770.238","3521663.635"
"LENO","2017-06","LENO2017-06","LENO_020","31.824786","-88.192507","387144.011","3521634.188"
"LENO","2017-06","LENO2017-06","LENO_001","31.824646","-88.177623","388552.494","3521603.317"
"LENO","2017-06","LENO2017-06","LENO_029","31.830931","-88.171035","389183.524","3522293.257"
"LENO","2017-06","LENO2017-06","LENO_021","31.83445","-88.170173","389269.312","3522682.413"
"LENO","2017-06","LENO2017-06","LENO_017","31.841773","-88.168348","389450.79","3523492.355"
"LENO","2019-06","LENO2019-06","LENO_003","31.808316","-88.188214","387530.362","3519803.976"
"LENO","2019-06","LENO2019-06","LENO_018","31.810782","-88.184743","387861.875","3520073.786"
"LENO","2019-06","LENO2019-06","LENO_002","31.806908","-88.193888","386991.566","3519653.851"
"LENO","2019-06","LENO2019-06","LENO_008","31.814243","-88.189901","387377.9","3520462.729"
"LENO","2019-06","LENO2019-06","LENO_014","31.810657","-88.19903","386509.353","3520074.769"
"LENO","2019-06","LENO2019-06","LENO_010","31.809125","-88.185679","387771.315","3519891.048"
"LENO","2019-06","LENO2019-06","LENO_030","31.810757","-88.190139","387351.06","3520076.571"
"LENO","2019-06","LENO2019-06","LENO_006","31.814261","-88.187361","387618.333","3520462.106"
"LENO","2019-06","LENO2019-06","LENO_023","31.808936","-88.179975","388310.994","3519864.277"
"LENO","2019-06","LENO2019-06","LENO_009","31.811631","-88.181314","388187.488","3520164.417"
"LENO","2019-06","LENO2019-06","LENO_012","31.80812","-88.179966","388310.928","3519773.841"
"MLBS","2017-08","MLBS2017-08","MLBS_061","37.376631","-80.5198","542514.739","4136762.794"
"MLBS","2017-08","MLBS2017-08","MLBS_064","37.375562","-80.520174","542482.304","4136644.036"
"MLBS","2017-08","MLBS2017-08","MLBS_063","37.377486","-80.527932","541794.32","4136853.963"
"MLBS","2017-08","MLBS2017-08","MLBS_009","37.374434","-80.518487","542632.311","4136519.606"
"MLBS","2017-08","MLBS2017-08","MLBS_003","37.368528","-80.526975","541884.058","4135860.615"
"MLBS","2017-08","MLBS2017-08","MLBS_012","37.357284","-80.522508","542285.916","4134615.118"
"MLBS","2017-08","MLBS2017-08","MLBS_001","37.3607","-80.524992","542063.973","4134993.07"
"MLBS","2017-08","MLBS2017-08","MLBS_011","37.359448","-80.521143","542405.524","4134855.841"
"MLBS","2017-08","MLBS2017-08","MLBS_002","37.372058","-80.524252","542123.13","4136253.43"
"MLBS","2017-08","MLBS2017-08","MLBS_024","37.360507","-80.521133","542405.838","4134973.348"
"MLBS","2017-08","MLBS2017-08","MLBS_017","37.358817","-80.526049","541971.424","4134783.671"
"MLBS","2017-08","MLBS2017-08","MLBS_005","37.363106","-80.521589","542363.962","4135261.521"
"MLBS","2017-08","MLBS2017-08","MLBS_022","37.363752","-80.526185","541956.63","4135331.114"
"MLBS","2017-08","MLBS2017-08","MLBS_010","37.365565","-80.526343","541941.666","4135532.169"
"MLBS","2018-07","MLBS2018-07","MLBS_064","37.375562","-80.520174","542482.304","4136644.036"
"MLBS","2018-07","MLBS2018-07","MLBS_061","37.376631","-80.5198","542514.739","4136762.794"
"MLBS","2018-07","MLBS2018-07","MLBS_009","37.374434","-80.518487","542632.311","4136519.606"
"MLBS","2018-07","MLBS2018-07","MLBS_002","37.372058","-80.524252","542123.13","4136253.43"
"MLBS","2018-07","MLBS2018-07","MLBS_063","37.377486","-80.527932","541794.32","4136853.963"
"MLBS","2018-07","MLBS2018-07","MLBS_016","37.415022","-80.574956","537612.325","4140998.446"
"MLBS","2018-07","MLBS2018-07","MLBS_019","37.42436","-80.551226","539707.221","4142044.152"
"MLBS","2018-07","MLBS2018-07","MLBS_014","37.417102","-80.557337","539170.365","4141236.465"
"MLBS","2018-07","MLBS2018-07","MLBS_015","37.414692","-80.568195","538210.77","4140964.591"
"UKFS","2017-06","UKFS2017-06","UKFS_005","39.054507","-95.204735","309224.845","4325138.626"
"UKFS","2017-06","UKFS2017-06","UKFS_010","39.052686","-95.185981","310842.962","4324897.223"
"UKFS","2017-06","UKFS2017-06","UKFS_021","39.056126","-95.204458","309253.227","4325317.681"
"UKFS","2017-06","UKFS2017-06","UKFS_015","39.0537","-95.2044","309251.689","4325048.298"
"UKFS","2017-06","UKFS2017-06","UKFS_003","39.052642","-95.188064","310662.557","4324896.751"
"UKFS","2017-06","UKFS2017-06","UKFS_004","39.043184","-95.202722","309368.63","4323877.584"
"UKFS","2017-06","UKFS2017-06","UKFS_012","39.045695","-95.198264","309761.214","4324146.927"
"UKFS","2017-06","UKFS2017-06","UKFS_020","39.041883","-95.201236","309493.721","4323730.111"
"UKFS","2017-06","UKFS2017-06","UKFS_007","39.037234","-95.205277","309131.44","4323222.573"
"UKFS","2017-06","UKFS2017-06","UKFS_014","39.039813","-95.195979","309943.23","4323489.344"
"UKFS","2017-06","UKFS2017-06","UKFS_001","39.037624","-95.196958","309852.648","4323248.503"
"UKFS","2017-06","UKFS2017-06","UKFS_006","39.033806","-95.198575","309702.412","4322828.126"
"UKFS","2017-06","UKFS2017-06","UKFS_031","39.036611","-95.192039","310275.653","4323125.774"
"UKFS","2017-06","UKFS2017-06","UKFS_043","39.035201","-95.19441","310066.693","4322974.185"
"UKFS","2017-06","UKFS2017-06","UKFS_023","39.036718","-95.20145","309461.365","4323157.251"
"UKFS","2017-06","UKFS2017-06","UKFS_032","39.041659","-95.197031","309857.15","4323696.422"
"UKFS","2017-06","UKFS2017-06","UKFS_016","39.042667","-95.188441","310603.282","4323790.394"
"UKFS","2017-06","UKFS2017-06","UKFS_024","39.041003","-95.189125","310539.651","4323607.178"
"UKFS","2017-06","UKFS2017-06","UKFS_011","39.032378","-95.18811","310604.46","4322647.761"
"UKFS","2017-06","UKFS2017-06","UKFS_008","39.033692","-95.18991","310452.205","4322797.309"
"UKFS","2017-06","UKFS2017-06","UKFS_025","39.055332","-95.189542","310541.885","4325198.339"
"UKFS","2018-06","UKFS2018-06","UKFS_012","39.045695","-95.198264","309761.214","4324146.927"
"UKFS","2018-06","UKFS2018-06","UKFS_007","39.037234","-95.205277","309131.44","4323222.573"
"UKFS","2018-06","UKFS2018-06","UKFS_020","39.041883","-95.201236","309493.721","4323730.111"
"UKFS","2018-06","UKFS2018-06","UKFS_021","39.056126","-95.204458","309253.227","4325317.681"
"UKFS","2018-06","UKFS2018-06","UKFS_015","39.0537","-95.2044","309251.689","4325048.298"
"UKFS","2018-06","UKFS2018-06","UKFS_006","39.033806","-95.198575","309702.412","4322828.126"
"UKFS","2018-06","UKFS2018-06","UKFS_004","39.043184","-95.202722","309368.63","4323877.584"
"UKFS","2018-06","UKFS2018-06","UKFS_043","39.035201","-95.19441","310066.693","4322974.185"
"UKFS","2018-06","UKFS2018-06","UKFS_032","39.041659","-95.197031","309857.15","4323696.422"
"UKFS","2018-06","UKFS2018-06","UKFS_031","39.036611","-95.192039","310275.653","4323125.774"
"UKFS","2018-06","UKFS2018-06","UKFS_002","39.046328","-95.208663","308862.884","4324239.041"
"UKFS","2018-06","UKFS2018-06","UKFS_024","39.041003","-95.189125","310539.651","4323607.178"
"UKFS","2018-06","UKFS2018-06","UKFS_016","39.042667","-95.188441","310603.282","4323790.394"
"UKFS","2018-06","UKFS2018-06","UKFS_001","39.037624","-95.196958","309852.648","4323248.503"
"UKFS","2018-06","UKFS2018-06","UKFS_023","39.036718","-95.20145","309461.365","4323157.251"
"UKFS","2018-06","UKFS2018-06","UKFS_010","39.052686","-95.185981","310842.962","4324897.223"
"UKFS","2018-06","UKFS2018-06","UKFS_005","39.054507","-95.204735","309224.845","4325138.626"
"UKFS","2020-06","UKFS2020-06","UKFS_005","39.054507","-95.204735","309224.845","4325138.626"
"UKFS","2020-06","UKFS2020-06","UKFS_021","39.056126","-95.204458","309253.227","4325317.681"
"UKFS","2020-06","UKFS2020-06","UKFS_010","39.052686","-95.185981","310842.962","4324897.223"
"UKFS","2020-06","UKFS2020-06","UKFS_003","39.052642","-95.188064","310662.557","4324896.751"
"UKFS","2020-06","UKFS2020-06","UKFS_004","39.043184","-95.202722","309368.63","4323877.584"
"UKFS","2020-06","UKFS2020-06","UKFS_012","39.045695","-95.198264","309761.214","4324146.927"
"UKFS","2020-06","UKFS2020-06","UKFS_007","39.037234","-95.205277","309131.44","4323222.573"
"BLAN","2016-08","BLAN2016-08","BLAN_015","39.087544","-77.954623","244446.177017256","4330648.07760424"
"BLAN","2016-08","BLAN2016-08","BLAN_009","39.086824","-77.95775","244173.005455393","4330576.91706397"
"BLAN","2016-08","BLAN2016-08","BLAN_001","39.087919","-77.958389","244121.666290298","4330700.2687522"
"BLAN","2016-08","BLAN2016-08","BLAN_007","39.085485","-77.969265","243171.985558981","4330460.8739725"
"BLAN","2016-08","BLAN2016-08","BLAN_020","39.100938","-77.980394","242265.534909376","4332207.72253582"
"BLAN","2016-08","BLAN2016-08","BLAN_032","39.058572","-78.073305","753241.517","4327353.895"
"BLAN","2016-08","BLAN2016-08","BLAN_031","39.058809","-78.070547","753479.333","4327387.816"
"BLAN","2016-08","BLAN2016-08","BLAN_033","39.058229","-78.069151","753602.249","4327327.347"
"BLAN","2017-07","BLAN2017-07","BLAN_013","39.080851","-77.96809","243256.800102569","4329943.16802508"
"BLAN","2017-07","BLAN2017-07","BLAN_018","39.081529","-77.962499","243743.023155916","4330002.61936572"
"BLAN","2017-07","BLAN2017-07","BLAN_012","39.082046","-77.961088","243866.991942981","4330056.0454518"
"BLAN","2017-07","BLAN2017-07","BLAN_011","39.087243","-77.974013","242767.665049477","4330669.41183987"
"BLAN","2017-07","BLAN2017-07","BLAN_017","39.086353","-77.970992","243025.729433056","4330562.13964889"
"BLAN","2017-07","BLAN2017-07","BLAN_009","39.086824","-77.95775","244173.005455393","4330576.91706397"
"BLAN","2017-07","BLAN2017-07","BLAN_005","39.087456","-77.971942","242947.55124665","4330687.19755621"
"BLAN","2017-07","BLAN2017-07","BLAN_001","39.087919","-77.958389","244121.666290298","4330700.2687522"
"BLAN","2019-06","BLAN2019-06","BLAN_007","39.085485","-77.969265","243171.985558981","4330460.8739725"
"BLAN","2019-06","BLAN2019-06","BLAN_001","39.087919","-77.958389","244121.666290298","4330700.2687522"
"BLAN","2019-06","BLAN2019-06","BLAN_009","39.086824","-77.95775","244173.005455393","4330576.91706397"
"BLAN","2019-06","BLAN2019-06","BLAN_015","39.087544","-77.954623","244446.177017256","4330648.07760424"
"BLAN","2019-06","BLAN2019-06","BLAN_012","39.082046","-77.961088","243866.991942981","4330056.0454518"
"BLAN","2019-06","BLAN2019-06","BLAN_018","39.081529","-77.962499","243743.023155916","4330002.61936572"
"BLAN","2019-06","BLAN2019-06","BLAN_011","39.087243","-77.974013","242767.665049477","4330669.41183987"
"SERC","2016-07","SERC2016-07","SERC_017","38.876039","-76.535565","366797.648","4304141.151"
"SERC","2016-07","SERC2016-07","SERC_005","38.893246","-76.547604","365785.601","4306068.36"
"SERC","2016-07","SERC2016-07","SERC_024","38.865796","-76.528949","367352.534","4302994.733"
"SERC","2017-07","SERC2017-07","SERC_017","38.876039","-76.535565","366797.648","4304141.151"
"SERC","2017-07","SERC2017-07","SERC_005","38.893246","-76.547604","365785.601","4306068.36"
"SERC","2017-07","SERC2017-07","SERC_001","38.868693","-76.533585","366955.674","4303322.982"
"SERC","2017-07","SERC2017-07","SERC_024","38.865796","-76.528949","367352.534","4302994.733"
"SERC","2017-07","SERC2017-07","SERC_007","38.873795","-76.539828","366423.609","4303898.332"
"SERC","2017-08","SERC2017-08","SERC_018","38.872927","-76.531608","367135.092","4303789.927"
"SERC","2017-08","SERC2017-08","SERC_029","38.871199","-76.528949","367362.533","4303594.301"
"SERC","2017-08","SERC2017-08","SERC_028","38.871746","-76.522041","367962.837","4303645.021"
"SERC","2017-08","SERC2017-08","SERC_023","38.875233","-76.535264","366822.248","4304051.257"
"SERC","2017-08","SERC2017-08","SERC_020","38.870108","-76.535927","366755.113","4303483.399"
"SERC","2017-08","SERC2017-08","SERC_008","38.871838","-76.524078","367786.312","4303658.194"
"SERC","2017-08","SERC2017-08","SERC_030","38.910052","-76.548984","365697.585","4307935.424"
"SERC","2017-08","SERC2017-08","SERC_027","38.87364","-76.543648","366091.941","4303886.646"
"RMNP","2017-07","RMNP2017-07","RMNP_028","40.15492","-105.538905","454103.27","4445091.257"
"RMNP","2017-07","RMNP2017-07","RMNP_019","40.19593","-105.491302","458182.616","4449619.632"
"RMNP","2017-07","RMNP2017-07","RMNP_014","40.161432","-105.53438","454493.014","4445811.704"
"RMNP","2017-07","RMNP2017-07","RMNP_006","40.158142","-105.54352","453712.349","4445451.245"
"RMNP","2017-07","RMNP2017-07","RMNP_011","40.2037","-105.512503","456383.031","4450492.241"
"RMNP","2017-07","RMNP2017-07","RMNP_021","40.158458","-105.539283","454073.474","4445484.171"
"RMNP","2017-07","RMNP2017-07","RMNP_012","40.156549","-105.535752","454372.83","4445270.376"
"RMNP","2017-07","RMNP2017-07","RMNP_026","40.16522","-105.532303","454672.41","4446231.043"
"RMNP","2017-07","RMNP2017-07","RMNP_023","40.188466","-105.534932","454464.066","4448812.629"
"RMNP","2017-07","RMNP2017-07","RMNP_005","40.167942","-105.526306","455184.809","4446530.23"
"RMNP","2017-07","RMNP2017-07","RMNP_008","40.16899","-105.529146","454943.735","4446647.966"
"RMNP","2017-07","RMNP2017-07","RMNP_010","40.178717","-105.535934","454372.234","4447731.042"
"RMNP","2017-07","RMNP2017-07","RMNP_004","40.186824","-105.54091","453954.019","4448633.394"
"RMNP","2017-07","RMNP2017-07","RMNP_001","40.203349","-105.465974","460342.745","4450431.444"
"RMNP","2017-07","RMNP2017-07","RMNP_027","40.199842","-105.46277","460613.44","4450040.735"
"RMNP","2017-07","RMNP2017-07","RMNP_002","40.197387","-105.472274","459803.081","4449772.578"
"RMNP","2017-07","RMNP2017-07","RMNP_020","40.197385","-105.468403","460132.51","4449770.553"
"RMNP","2017-07","RMNP2017-07","RMNP_018","40.163834","-105.53899","454102.004","4446080.669"
"RMNP","2017-07","RMNP2017-07","RMNP_024","40.162746","-105.542483","453803.797","4445961.784"
"RMNP","2018-07","RMNP2018-07","RMNP_043","40.276827","-105.545384","453634.6","4458625.698"
"RMNP","2018-07","RMNP2018-07","RMNP_002","40.197387","-105.472274","459803.081","4449772.578"
"RMNP","2018-07","RMNP2018-07","RMNP_041","40.275899","-105.546756","453517.33","4458523.418"
"RMNP","2018-07","RMNP2018-07","RMNP_044","40.27733","-105.546207","453564.977","4458681.976"
"RMNP","2018-07","RMNP2018-07","RMNP_015","40.199554","-105.467005","460252.816","4450010.642"
"RMNP","2018-07","RMNP2018-07","RMNP_020","40.197385","-105.468403","460132.51","4449770.553"
"RMNP","2018-07","RMNP2018-07","RMNP_001","40.203349","-105.465974","460342.745","4450431.444"
"RMNP","2018-07","RMNP2018-07","RMNP_027","40.199842","-105.46277","460613.44","4450040.735"
"RMNP","2018-07","RMNP2018-07","RMNP_007","40.180869","-105.53771","454222.481","4447970.789"
"RMNP","2018-07","RMNP2018-07","RMNP_029","40.181692","-105.538401","454164.2","4448062.488"
"RMNP","2018-07","RMNP2018-07","RMNP_023","40.188466","-105.534932","454464.066","4448812.629"
"RMNP","2018-07","RMNP2018-07","RMNP_004","40.186824","-105.54091","453954.019","4448633.394"
"RMNP","2018-07","RMNP2018-07","RMNP_026","40.16522","-105.532303","454672.41","4446231.043"
"RMNP","2018-07","RMNP2018-07","RMNP_006","40.158142","-105.54352","453712.349","4445451.245"
"RMNP","2018-07","RMNP2018-07","RMNP_021","40.158458","-105.539283","454073.474","4445484.171"
"RMNP","2018-07","RMNP2018-07","RMNP_010","40.178717","-105.535934","454372.234","4447731.042"
"RMNP","2018-07","RMNP2018-07","RMNP_008","40.16899","-105.529146","454943.735","4446647.966"
"RMNP","2018-07","RMNP2018-07","RMNP_005","40.167942","-105.526306","455184.809","4446530.23"
"RMNP","2018-07","RMNP2018-07","RMNP_028","40.15492","-105.538905","454103.27","4445091.257"
"RMNP","2018-07","RMNP2018-07","RMNP_012","40.156549","-105.535752","454372.83","4445270.376"
"RMNP","2018-07","RMNP2018-07","RMNP_018","40.163834","-105.53899","454102.004","4446080.669"
"RMNP","2018-07","RMNP2018-07","RMNP_024","40.162746","-105.542483","453803.797","4445961.784"
"RMNP","2018-07","RMNP2018-07","RMNP_014","40.161432","-105.53438","454493.014","4445811.704"
"DELA","2015-07","DELA2015-07","DELA_012","32.531168","-87.816626","423312.171","3599608.076"
"DELA","2015-07","DELA2015-07","DELA_015","32.52874","-87.813389","423614.102","3599336.529"
"DELA","2015-07","DELA2015-07","DELA_014","32.529789","-87.818194","423163.759","3599456.291"
"DELA","2015-07","DELA2015-07","DELA_029","32.529808","-87.810523","423884.168","3599452.861"
"DELA","2015-07","DELA2015-07","DELA_006","32.533913","-87.803842","424515.024","3599903.242"
"DELA","2015-07","DELA2015-07","DELA_002","32.532479","-87.818534","423134.149","3599754.698"
"DELA","2015-07","DELA2015-07","DELA_009","32.534101","-87.816942","423285.042","3599933.401"
"DELA","2015-07","DELA2015-07","DELA_003","32.534942","-87.815024","423465.805","3600025.229"
"DELA","2015-07","DELA2015-07","DELA_011","32.520324","-87.817128","423255.837","3598406.262"
"DELA","2015-07","DELA2015-07","DELA_005","32.523355","-87.814626","423493.385","3598740.462"
"DELA","2015-07","DELA2015-07","DELA_023","32.541444","-87.812539","423704.689","3600744.226"
"DELA","2015-07","DELA2015-07","DELA_020","32.538834","-87.801338","424754.268","3600446.944"
"DELA","2015-07","DELA2015-07","DELA_040","32.538802","-87.804522","424455.306","3600445.644"
"DELA","2015-07","DELA2015-07","DELA_027","32.538459","-87.809949","423945.432","3600411.485"
"DELA","2015-07","DELA2015-07","DELA_021","32.526812","-87.819123","423074.016","3599126.98"
"DELA","2015-07","DELA2015-07","DELA_022","32.541156","-87.816365","423345.21","3600715.102"
"DELA","2015-07","DELA2015-07","DELA_030","32.533085","-87.810205","423916.855","3599815.977"
"DELA","2015-07","DELA2015-07","DELA_028","32.535497","-87.811463","423800.759","3600084.262"
"DELA","2015-07","DELA2015-07","DELA_013","32.540611","-87.817309","423256.057","3600655.355"
"DELA","2015-07","DELA2015-07","DELA_026","32.534432","-87.8112","423824.536","3599965.931"
"DELA","2015-07","DELA2015-07","DELA_018","32.540987","-87.799108","424965.509","3600684.094"
"DELA","2015-07","DELA2015-07","DELA_008","32.540078","-87.814098","423557.149","3600593.954"
"DELA","2015-07","DELA2015-07","DELA_025","32.535528","-87.809901","423947.427","3600086.578"
"DELA","2015-07","DELA2015-07","DELA_016","32.535814","-87.808008","424125.439","3600116.955"
"DELA","2015-07","DELA2015-07","DELA_001","32.532072","-87.805439","424363.581","3599700.303"
"DELA","2016-06","DELA2016-06","DELA_030","32.533085","-87.810205","423916.855","3599815.977"
"DELA","2016-06","DELA2016-06","DELA_001","32.532072","-87.805439","424363.581","3599700.303"
"DELA","2016-06","DELA2016-06","DELA_028","32.535497","-87.811463","423800.759","3600084.262"
"DELA","2016-06","DELA2016-06","DELA_021","32.526812","-87.819123","423074.016","3599126.98"
"DELA","2016-06","DELA2016-06","DELA_017","32.53257","-87.806696","424245.881","3599756.309"
"DELA","2016-06","DELA2016-06","DELA_026","32.534432","-87.8112","423824.536","3599965.931"
"DELA","2016-06","DELA2016-06","DELA_005","32.523355","-87.814626","423493.385","3598740.462"
"DELA","2016-06","DELA2016-06","DELA_014","32.529789","-87.818194","423163.759","3599456.291"
"DELA","2016-06","DELA2016-06","DELA_011","32.520324","-87.817128","423255.837","3598406.262"
"DELA","2016-06","DELA2016-06","DELA_004","32.531982","-87.81434","423527.559","3599696.611"
"DELA","2016-06","DELA2016-06","DELA_012","32.531168","-87.816626","423312.171","3599608.076"
"DELA","2016-06","DELA2016-06","DELA_003","32.534942","-87.815024","423465.805","3600025.229"
"DELA","2016-06","DELA2016-06","DELA_023","32.541444","-87.812539","423704.689","3600744.226"
"DELA","2016-06","DELA2016-06","DELA_015","32.52874","-87.813389","423614.102","3599336.529"
"DELA","2016-06","DELA2016-06","DELA_016","32.535814","-87.808008","424125.439","3600116.955"
"DELA","2016-06","DELA2016-06","DELA_029","32.529808","-87.810523","423884.168","3599452.861"
"DELA","2016-06","DELA2016-06","DELA_008","32.540078","-87.814098","423557.149","3600593.954"
"DELA","2016-06","DELA2016-06","DELA_025","32.535528","-87.809901","423947.427","3600086.578"
"DELA","2016-06","DELA2016-06","DELA_006","32.533913","-87.803842","424515.024","3599903.242"
"DELA","2016-06","DELA2016-06","DELA_022","32.541156","-87.816365","423345.21","3600715.102"
"DELA","2016-06","DELA2016-06","DELA_013","32.540611","-87.817309","423256.057","3600655.355"
"DELA","2016-06","DELA2016-06","DELA_009","32.534101","-87.816942","423285.042","3599933.401"
"DELA","2016-06","DELA2016-06","DELA_038","32.54229","-87.806804","424243.89","3600833.927"
"DELA","2016-06","DELA2016-06","DELA_002","32.532479","-87.818534","423134.149","3599754.698"
"DELA","2016-06","DELA2016-06","DELA_037","32.539627","-87.801968","424695.79","3600535.291"
"DELA","2016-06","DELA2016-06","DELA_020","32.538834","-87.801338","424754.268","3600446.944"
"DELA","2016-06","DELA2016-06","DELA_018","32.540987","-87.799108","424965.509","3600684.094"
"DELA","2016-06","DELA2016-06","DELA_027","32.538459","-87.809949","423945.432","3600411.485"
"DELA","2017-06","DELA2017-06","DELA_001","32.532072","-87.805439","424363.581","3599700.303"
"DELA","2017-06","DELA2017-06","DELA_029","32.529808","-87.810523","423884.168","3599452.861"
"DELA","2017-06","DELA2017-06","DELA_005","32.523355","-87.814626","423493.385","3598740.462"
"DELA","2017-06","DELA2017-06","DELA_011","32.520324","-87.817128","423255.837","3598406.262"
